location,iso_code,date,total_vaccinations,people_vaccinated,people_fully_vaccinated,daily_vaccinations_raw,daily_vaccinations,total_vaccinations_per_hundred,people_vaccinated_per_hundred,people_fully_vaccinated_per_hundred,daily_vaccinations_per_million
Argentina,ARG,12/29/2020,700,,,,,0,,,
Argentina,ARG,12/30/2020,,,,,15656,,,,346
Argentina,ARG,12/31/2020,32013,,,,15656,0.07,,,346
Argentina,ARG,1/1/2021,,,,,11070,,,,245
Argentina,ARG,1/2/2021,,,,,8776,,,,194
Argentina,ARG,1/3/2021,,,,,7400,,,,164
Argentina,ARG,1/4/2021,39599,,,,6483,0.09,,,143
Argentina,ARG,1/5/2021,,,,,7984,,,,177
Argentina,ARG,1/6/2021,,,,,8173,,,,181
Argentina,ARG,1/7/2021,,,,,8363,,,,185
Argentina,ARG,1/8/2021,107542,,,,10519,0.24,,,233
Argentina,ARG,1/9/2021,,,,,11942,,,,264
Argentina,ARG,1/10/2021,,,,,13365,,,,296
Argentina,ARG,1/11/2021,,,,,14788,,,,327
Argentina,ARG,1/12/2021,,,,,14056,,,,311
Argentina,ARG,1/13/2021,166833,,,,13323,0.37,,,295
Argentina,ARG,1/14/2021,,,,,13320,,,,295
Argentina,ARG,1/15/2021,200759,,,,13317,0.44,,,295
Argentina,ARG,1/16/2021,,,,,12971,,,,287
Argentina,ARG,1/17/2021,,,,,12624,,,,279
Argentina,ARG,1/18/2021,,,,,12278,,,,272
Argentina,ARG,1/19/2021,,,,,11932,,,,264
Argentina,ARG,1/20/2021,247933,243539,4394,,11586,0.55,0.54,0.01,256
Argentina,ARG,1/21/2021,265724,249372,16352,17791,11704,0.59,0.55,0.04,259
Argentina,ARG,1/22/2021,279602,254456,25146,13878,11263,0.62,0.56,0.06,249
Argentina,ARG,1/23/2021,288064,258876,29188,8462,11124,0.64,0.57,0.06,246
Argentina,ARG,1/24/2021,292023,260036,31987,3959,10342,0.65,0.58,0.07,229
Argentina,ARG,1/25/2021,292386,260122,32264,363,9046,0.65,0.58,0.07,200
Argentina,ARG,1/26/2021,305880,266969,38911,13494,9626,0.68,0.59,0.09,213
Austria,AUT,1/5/2021,8360,8360,,,,0.09,0.09,,
Austria,AUT,1/6/2021,,,,,3368,,,,374
Austria,AUT,1/7/2021,15095,15095,,,3368,0.17,0.17,,374
Austria,AUT,1/8/2021,30150,30150,,15055,7263,0.33,0.33,,806
Austria,AUT,1/9/2021,31525,31525,,1375,5791,0.35,0.35,,643
Austria,AUT,1/10/2021,31885,31885,,360,4705,0.35,0.35,,522
Austria,AUT,1/11/2021,38545,38545,,6660,5031,0.43,0.43,,559
Austria,AUT,1/12/2021,52925,52925,,14380,6366,0.59,0.59,,707
Austria,AUT,1/13/2021,63280,63280,,10355,7365,0.7,0.7,,818
Austria,AUT,1/14/2021,74100,74100,,10820,8429,0.82,0.82,,936
Austria,AUT,1/15/2021,84380,84380,,10280,7747,0.94,0.94,,860
Austria,AUT,1/16/2021,87195,87195,,2815,7953,0.97,0.97,,883
Austria,AUT,1/17/2021,102790,102790,,15595,10129,1.14,1.14,,1125
Austria,AUT,1/18/2021,,,,,11852,,,,1316
Austria,AUT,1/19/2021,140232,140232,,,12472,1.56,1.56,,1385
Austria,AUT,1/20/2021,150703,150703,,10471,12489,1.67,1.67,,1387
Austria,AUT,1/21/2021,161965,161965,,11262,12552,1.8,1.8,,1394
Austria,AUT,1/22/2021,166956,166956,,4991,11797,1.85,1.85,,1310
Austria,AUT,1/23/2021,169549,169549,,2593,11765,1.88,1.88,,1306
Austria,AUT,1/24/2021,170144,170144,,595,9622,1.89,1.89,,1068
Austria,AUT,1/25/2021,,,,,8055,,,,894
Austria,AUT,1/26/2021,185643,185643,,,6487,2.06,2.06,,720
Bahrain,BHR,12/23/2020,38965,38965,,,,2.29,2.29,,
Bahrain,BHR,12/24/2020,50071,50071,,11106,11106,2.94,2.94,,6527
Bahrain,BHR,12/25/2020,50543,50543,,472,5789,2.97,2.97,,3402
Bahrain,BHR,12/26/2020,51556,51556,,1013,4197,3.03,3.03,,2467
Bahrain,BHR,12/27/2020,53614,53614,,2058,3662,3.15,3.15,,2152
Bahrain,BHR,12/28/2020,55014,55014,,1400,3210,3.23,3.23,,1886
Bahrain,BHR,12/29/2020,56041,56041,,1027,2846,3.29,3.29,,1673
Bahrain,BHR,12/30/2020,57317,57317,,1276,2622,3.37,3.37,,1541
Bahrain,BHR,12/31/2020,58643,58643,,1326,1225,3.45,3.45,,720
Bahrain,BHR,1/1/2021,59351,59351,,708,1258,3.49,3.49,,739
Bahrain,BHR,1/2/2021,60097,60097,,746,1220,3.53,3.53,,717
Bahrain,BHR,1/3/2021,60689,60689,,592,1011,3.57,3.57,,594
Bahrain,BHR,1/4/2021,61612,61612,,923,943,3.62,3.62,,554
Bahrain,BHR,1/5/2021,63893,63893,,2281,1122,3.75,3.75,,659
Bahrain,BHR,1/6/2021,68472,68472,,4579,1594,4.02,4.02,,937
Bahrain,BHR,1/7/2021,72239,72239,,3767,1942,4.25,4.25,,1141
Bahrain,BHR,1/8/2021,78291,78291,,6052,2706,4.6,4.6,,1590
Bahrain,BHR,1/9/2021,84157,84157,,5866,3437,4.95,4.95,,2020
Bahrain,BHR,1/10/2021,89250,89250,,5093,4080,5.25,5.25,,2398
Bahrain,BHR,1/11/2021,92598,92598,,3348,4427,5.44,5.44,,2602
Bahrain,BHR,1/12/2021,97776,97776,,5178,4840,5.75,5.75,,2844
Bahrain,BHR,1/13/2021,101363,101363,,3587,4699,5.96,5.96,,2762
Bahrain,BHR,1/14/2021,109566,109566,,8203,5332,6.44,6.44,,3134
Bahrain,BHR,1/15/2021,122819,122819,,13253,6361,7.22,7.22,,3738
Bahrain,BHR,1/16/2021,137159,137159,,14340,7572,8.06,8.06,,4450
Bahrain,BHR,1/17/2021,141563,141563,,4404,7473,8.32,8.32,,4392
Bahrain,BHR,1/18/2021,142831,142831,,1268,7176,8.39,8.39,,4217
Bahrain,BHR,1/19/2021,143596,143596,,765,6546,8.44,8.44,,3847
Bahrain,BHR,1/20/2021,144130,144130,,534,6110,8.47,8.47,,3591
Belgium,BEL,12/28/2020,298,298,,,,0,0,,
Belgium,BEL,12/29/2020,299,299,,1,1,0,0,,0
Belgium,BEL,12/30/2020,778,778,,479,240,0.01,0.01,,21
Belgium,BEL,12/31/2020,787,787,,9,163,0.01,0.01,,14
Belgium,BEL,1/1/2021,,,,,122,,,,11
Belgium,BEL,1/2/2021,,,,,98,,,,8
Belgium,BEL,1/3/2021,,,,,82,,,,7
Belgium,BEL,1/4/2021,788,788,,,70,0.01,0.01,,6
Belgium,BEL,1/5/2021,2286,2286,,1498,284,0.02,0.02,,25
Belgium,BEL,1/6/2021,6056,6056,,3770,754,0.05,0.05,,65
Belgium,BEL,1/7/2021,14079,14079,,8023,1899,0.12,0.12,,164
Belgium,BEL,1/8/2021,23134,23134,,9055,3192,0.2,0.2,,275
Belgium,BEL,1/9/2021,26310,26310,,3176,3646,0.23,0.23,,315
Belgium,BEL,1/10/2021,26703,26703,,393,3702,0.23,0.23,,319
Belgium,BEL,1/11/2021,32067,32067,,5364,4468,0.28,0.28,,386
Belgium,BEL,1/12/2021,47025,47025,,14958,6391,0.41,0.41,,551
Belgium,BEL,1/13/2021,66827,66827,,19802,8682,0.58,0.58,,749
Belgium,BEL,1/14/2021,87490,87490,,20663,10487,0.75,0.75,,905
Belgium,BEL,1/15/2021,108881,108881,,21391,12250,0.94,0.94,,1057
Belgium,BEL,1/16/2021,113716,113716,,4835,12487,0.98,0.98,,1077
Belgium,BEL,1/17/2021,116558,116558,,2842,12836,1.01,1.01,,1108
Belgium,BEL,1/18/2021,126398,126289,109,9840,13476,1.09,1.09,0,1163
Belgium,BEL,1/19/2021,143470,143189,281,17072,13778,1.24,1.24,0,1189
Belgium,BEL,1/20/2021,159794,159149,645,16324,13281,1.38,1.37,0.01,1146
Belgium,BEL,1/21/2021,181496,180851,645,21702,13429,1.57,1.56,0.01,1159
Belgium,BEL,1/22/2021,203218,202542,676,21722,13477,1.75,1.75,0.01,1163
Belgium,BEL,1/23/2021,208568,207885,683,5350,13550,1.8,1.79,0.01,1169
Belgium,BEL,1/24/2021,209869,209186,683,1301,13330,1.81,1.8,0.01,1150
Belgium,BEL,1/25/2021,213301,212618,683,3432,12415,1.84,1.83,0.01,1071
Bermuda,BMU,1/10/2021,0,0,,,,0,0,,
Bermuda,BMU,1/11/2021,,,,,278,,,,4464
Bermuda,BMU,1/12/2021,,,,,278,,,,4464
Bermuda,BMU,1/13/2021,,,,,278,,,,4464
Bermuda,BMU,1/14/2021,,,,,278,,,,4464
Bermuda,BMU,1/15/2021,,,,,278,,,,4464
Bermuda,BMU,1/16/2021,1665,1665,,,278,2.67,2.67,,4464
Brazil,BRA,1/16/2021,0,0,,,,0,0,,
Brazil,BRA,1/17/2021,112,112,,112,112,0,0,,1
Brazil,BRA,1/18/2021,1109,1109,,997,554,0,0,,3
Brazil,BRA,1/19/2021,11470,11470,,10361,3823,0.01,0.01,,18
Brazil,BRA,1/20/2021,28543,28543,,17073,7136,0.01,0.01,,34
Brazil,BRA,1/21/2021,136519,136519,,107976,27304,0.06,0.06,,128
Brazil,BRA,1/22/2021,245877,245877,,109358,40980,0.12,0.12,,193
Brazil,BRA,1/23/2021,537774,537774,,291897,76825,0.25,0.25,,361
Brazil,BRA,1/24/2021,604722,604722,,66948,86373,0.28,0.28,,406
Brazil,BRA,1/25/2021,700608,700608,,95886,99928,0.33,0.33,,470
Brazil,BRA,1/26/2021,848883,848883,,148275,119630,0.4,0.4,,563
Bulgaria,BGR,12/29/2020,1719,1719,,,,0.02,0.02,,
Bulgaria,BGR,12/30/2020,4608,4608,,2889,2889,0.07,0.07,,416
Bulgaria,BGR,12/31/2020,,,,,1477,,,,213
Bulgaria,BGR,1/1/2021,4739,4739,,,1007,0.07,0.07,,145
Bulgaria,BGR,1/2/2021,,,,,799,,,,115
Bulgaria,BGR,1/3/2021,,,,,675,,,,97
Bulgaria,BGR,1/4/2021,,,,,592,,,,85
Bulgaria,BGR,1/5/2021,5448,5448,,,533,0.08,0.08,,77
Bulgaria,BGR,1/6/2021,7913,7913,,2465,472,0.11,0.11,,68
Bulgaria,BGR,1/7/2021,11117,11117,,3204,920,0.16,0.16,,132
Bulgaria,BGR,1/8/2021,13355,13355,,2238,1231,0.19,0.19,,177
Bulgaria,BGR,1/9/2021,13473,13473,,118,1222,0.19,0.19,,176
Bulgaria,BGR,1/10/2021,,,,,1246,,,,179
Bulgaria,BGR,1/11/2021,14161,14161,,,1270,0.2,0.2,,183
Bulgaria,BGR,1/12/2021,15780,15780,,1619,1476,0.23,0.23,,212
Bulgaria,BGR,1/13/2021,17038,17038,,1258,1304,0.25,0.25,,188
Bulgaria,BGR,1/14/2021,17686,17686,,648,938,0.25,0.25,,135
Bulgaria,BGR,1/15/2021,18126,18126,,440,682,0.26,0.26,,98
Bulgaria,BGR,1/16/2021,18332,18332,,206,694,0.26,0.26,,100
Bulgaria,BGR,1/17/2021,18453,18453,,121,662,0.27,0.27,,95
Bulgaria,BGR,1/18/2021,19638,18524,1114,1185,782,0.28,0.27,0.02,113
Bulgaria,BGR,1/19/2021,22226,19058,3168,2588,921,0.32,0.27,0.05,133
Bulgaria,BGR,1/20/2021,24127,19834,4293,1901,1013,0.35,0.29,0.06,146
Bulgaria,BGR,1/21/2021,25251,20719,4532,1124,1081,0.36,0.3,0.07,156
Bulgaria,BGR,1/22/2021,26101,21496,4605,850,1139,0.38,0.31,0.07,164
Bulgaria,BGR,1/23/2021,26119,21509,4610,18,1112,0.38,0.31,0.07,160
Bulgaria,BGR,1/24/2021,26143,21533,4610,24,1099,0.38,0.31,0.07,158
Bulgaria,BGR,1/25/2021,26798,22129,4669,655,1023,0.39,0.32,0.07,147
Bulgaria,BGR,1/26/2021,29122,23667,5455,2324,985,0.42,0.34,0.08,142
Canada,CAN,12/14/2020,297,297,,,,0,0,,
Canada,CAN,12/15/2020,1163,1163,,866,866,0,0,,23
Canada,CAN,12/16/2020,3683,3683,,2520,1693,0.01,0.01,,45
Canada,CAN,12/17/2020,7201,7201,,3518,2301,0.02,0.02,,61
Canada,CAN,12/18/2020,10615,10615,,3414,2580,0.03,0.03,,68
Canada,CAN,12/19/2020,11894,11894,,1279,2319,0.03,0.03,,61
Canada,CAN,12/20/2020,14492,14492,,2598,2366,0.04,0.04,,63
Canada,CAN,12/21/2020,20866,20866,,6374,2938,0.06,0.06,,78
Canada,CAN,12/22/2020,26287,26287,,5421,3589,0.07,0.07,,95
Canada,CAN,12/23/2020,35089,35089,,8802,4487,0.09,0.09,,119
Canada,CAN,12/24/2020,45398,45398,,10309,5457,0.12,0.12,,145
Canada,CAN,12/25/2020,45700,45700,,302,5012,0.12,0.12,,133
Canada,CAN,12/26/2020,48719,48719,,3019,5261,0.13,0.13,,139
Canada,CAN,12/27/2020,52280,52280,,3561,5398,0.14,0.14,,143
Canada,CAN,12/28/2020,59449,59449,,7169,5512,0.16,0.16,,146
Canada,CAN,12/29/2020,70749,70749,,11300,6352,0.19,0.19,,168
Canada,CAN,12/30/2020,79482,79482,,8733,6342,0.21,0.21,,168
Canada,CAN,12/31/2020,95832,95832,,16350,7205,0.25,0.25,,191
Canada,CAN,1/1/2021,104347,104347,,8515,8378,0.28,0.28,,222
Canada,CAN,1/2/2021,112425,112425,,8078,9101,0.3,0.3,,241
Canada,CAN,1/3/2021,117727,117727,,5302,9350,0.31,0.31,,248
Canada,CAN,1/4/2021,136759,136759,,19032,11044,0.36,0.36,,293
Canada,CAN,1/5/2021,155527,155527,,18768,12111,0.41,0.41,,321
Canada,CAN,1/6/2021,183690,183690,,28163,14887,0.49,0.49,,394
Canada,CAN,1/7/2021,219464,219464,,35774,17662,0.58,0.58,,468
Canada,CAN,1/8/2021,261234,261234,,41770,22412,0.69,0.69,,594
Canada,CAN,1/9/2021,297352,297352,,36118,26418,0.79,0.79,,700
Canada,CAN,1/10/2021,321049,321049,,23697,29046,0.85,0.85,,770
Canada,CAN,1/11/2021,360160,360160,,39111,31914,0.95,0.95,,846
Canada,CAN,1/12/2021,388493,388493,,28333,33281,1.03,1.03,,882
Canada,CAN,1/13/2021,419209,419209,,30716,33646,1.11,1.11,,891
Canada,CAN,1/14/2021,459492,459492,,40283,34290,1.22,1.22,,909
Canada,CAN,1/15/2021,507687,507687,,48195,35208,1.35,1.35,,933
Canada,CAN,1/16/2021,543291,543291,,35604,35134,1.44,1.44,,931
Canada,CAN,1/17/2021,570742,570742,,27451,35670,1.51,1.51,,945
Canada,CAN,1/18/2021,614666,614666,,43924,36358,1.63,1.63,,963
Canada,CAN,1/19/2021,651139,651139,,36473,37521,1.73,1.73,,994
Canada,CAN,1/20/2021,696242,696242,,45103,39576,1.84,1.84,,1049
Canada,CAN,1/21/2021,738864,738864,,42622,39910,1.96,1.96,,1057
Canada,CAN,1/22/2021,776606,776606,,37742,38417,2.06,2.06,,1018
Canada,CAN,1/23/2021,801238,801238,,24632,36850,2.12,2.12,,976
Canada,CAN,1/24/2021,816451,816451,,15213,35101,2.16,2.16,,930
Canada,CAN,1/25/2021,839949,839949,,23498,32183,2.23,2.23,,853
Canada,CAN,1/26/2021,868454,868454,,28505,31045,2.3,2.3,,823
Chile,CHL,12/24/2020,420,420,,,,0,0,,
Chile,CHL,12/25/2020,5191,5191,,4771,4771,0.03,0.03,,250
Chile,CHL,12/26/2020,8335,8335,,3144,3958,0.04,0.04,,207
Chile,CHL,12/27/2020,8646,8646,,311,2742,0.05,0.05,,143
Chile,CHL,12/28/2020,,,,,2069,,,,108
Chile,CHL,12/29/2020,,,,,1665,,,,87
Chile,CHL,12/30/2020,,,,,1396,,,,73
Chile,CHL,12/31/2020,,,,,1204,,,,63
Chile,CHL,1/1/2021,,,,,530,,,,28
Chile,CHL,1/2/2021,,,,,88,,,,5
Chile,CHL,1/3/2021,,,,,51,,,,3
Chile,CHL,1/4/2021,9051,9051,,,51,0.05,0.05,,3
Chile,CHL,1/5/2021,10494,10494,,1443,250,0.05,0.05,,13
Chile,CHL,1/6/2021,10699,10699,,205,272,0.06,0.06,,14
Chile,CHL,1/7/2021,,,,,344,,,,18
Chile,CHL,1/8/2021,,,,,417,,,,22
Chile,CHL,1/9/2021,,,,,489,,,,26
Chile,CHL,1/10/2021,,,,,562,,,,29
Chile,CHL,1/11/2021,,,,,635,,,,33
Chile,CHL,1/12/2021,,,,,508,,,,27
Chile,CHL,1/13/2021,14612,11743,2869,,559,0.08,0.06,0.02,29
Chile,CHL,1/14/2021,18526,12787,5739,3914,1038,0.1,0.07,0.03,54
Chile,CHL,1/15/2021,21876,13755,8121,3350,1437,0.11,0.07,0.04,75
Chile,CHL,1/16/2021,21937,13766,8171,61,1366,0.11,0.07,0.04,71
Chile,CHL,1/17/2021,21972,13781,8191,35,1291,0.11,0.07,0.04,68
Chile,CHL,1/18/2021,32385,24025,8360,10413,2699,0.17,0.13,0.04,141
Chile,CHL,1/19/2021,50924,42564,8360,18539,5267,0.27,0.22,0.04,276
Chile,CHL,1/20/2021,54036,45676,8360,3112,5632,0.28,0.24,0.04,295
Chile,CHL,1/21/2021,62822,54458,8364,8786,6328,0.33,0.28,0.04,331
Chile,CHL,1/22/2021,63047,54683,8364,225,5882,0.33,0.29,0.04,308
Chile,CHL,1/23/2021,63939,55575,8364,892,6000,0.33,0.29,0.04,314
Chile,CHL,1/24/2021,,,,,6020,,,,315
Chile,CHL,1/25/2021,64286,55798,8488,,4557,0.34,0.29,0.04,238
Chile,CHL,1/26/2021,66569,56551,10018,2283,2235,0.35,0.3,0.05,117
China,CHN,12/15/2020,1500000,1500000,,,,0.1,0.1,,
China,CHN,12/16/2020,,,,,187500,,,,130
China,CHN,12/17/2020,,,,,187500,,,,130
China,CHN,12/18/2020,,,,,187500,,,,130
China,CHN,12/19/2020,,,,,187500,,,,130
China,CHN,12/20/2020,,,,,187500,,,,130
China,CHN,12/21/2020,,,,,187500,,,,130
China,CHN,12/22/2020,,,,,187500,,,,130
China,CHN,12/23/2020,,,,,187500,,,,130
China,CHN,12/24/2020,,,,,187500,,,,130
China,CHN,12/25/2020,,,,,187500,,,,130
China,CHN,12/26/2020,,,,,187500,,,,130
China,CHN,12/27/2020,,,,,187500,,,,130
China,CHN,12/28/2020,,,,,187500,,,,130
China,CHN,12/29/2020,,,,,187500,,,,130
China,CHN,12/30/2020,,,,,187500,,,,130
China,CHN,12/31/2020,4500000,4500000,,,187500,0.31,0.31,,130
China,CHN,1/1/2021,,,,,232143,,,,161
China,CHN,1/2/2021,,,,,276786,,,,192
China,CHN,1/3/2021,,,,,321429,,,,223
China,CHN,1/4/2021,,,,,366071,,,,254
China,CHN,1/5/2021,,,,,410714,,,,285
China,CHN,1/6/2021,,,,,455357,,,,316
China,CHN,1/7/2021,,,,,500000,,,,347
China,CHN,1/8/2021,,,,,500000,,,,347
China,CHN,1/9/2021,9000000,9000000,,,500000,0.63,0.63,,347
China,CHN,1/10/2021,,,,,464286,,,,323
China,CHN,1/11/2021,,,,,428571,,,,298
China,CHN,1/12/2021,,,,,392857,,,,273
China,CHN,1/13/2021,10000000,10000000,,,357143,0.69,0.69,,248
China,CHN,1/14/2021,,,,,387755,,,,269
China,CHN,1/15/2021,,,,,418367,,,,291
China,CHN,1/16/2021,,,,,448980,,,,312
China,CHN,1/17/2021,,,,,515306,,,,358
China,CHN,1/18/2021,,,,,581633,,,,404
China,CHN,1/19/2021,,,,,647959,,,,450
China,CHN,1/20/2021,15000000,15000000,,,714286,1.04,1.04,,496
Costa Rica,CRI,12/24/2020,55,,,,,0,,,
Costa Rica,CRI,12/25/2020,,,,,240,,,,47
Costa Rica,CRI,12/26/2020,,,,,240,,,,47
Costa Rica,CRI,12/27/2020,,,,,240,,,,47
Costa Rica,CRI,12/28/2020,,,,,240,,,,47
Costa Rica,CRI,12/29/2020,,,,,240,,,,47
Costa Rica,CRI,12/30/2020,,,,,240,,,,47
Costa Rica,CRI,12/31/2020,,,,,240,,,,47
Costa Rica,CRI,1/1/2021,,,,,240,,,,47
Costa Rica,CRI,1/2/2021,,,,,240,,,,47
Costa Rica,CRI,1/3/2021,2455,,,,240,0.05,,,47
Costa Rica,CRI,1/4/2021,,,,,414,,,,81
Costa Rica,CRI,1/5/2021,,,,,588,,,,115
Costa Rica,CRI,1/6/2021,,,,,763,,,,150
Costa Rica,CRI,1/7/2021,,,,,937,,,,184
Costa Rica,CRI,1/8/2021,9751,,,,1111,0.19,,,218
Costa Rica,CRI,1/9/2021,,,,,1385,,,,272
Costa Rica,CRI,1/10/2021,,,,,1659,,,,326
Costa Rica,CRI,1/11/2021,,,,,1759,,,,345
Costa Rica,CRI,1/12/2021,,,,,1859,,,,365
Costa Rica,CRI,1/13/2021,,,,,1959,,,,385
Costa Rica,CRI,1/14/2021,,,,,2058,,,,404
Costa Rica,CRI,1/15/2021,24859,24804,55,,2158,0.49,0.49,0,424
Costa Rica,CRI,1/16/2021,,,,,2066,,,,406
Costa Rica,CRI,1/17/2021,,,,,1973,,,,387
Costa Rica,CRI,1/18/2021,29389,29257,132,,1880,0.58,0.57,0,369
Costa Rica,CRI,1/19/2021,,,,,1955,,,,384
Costa Rica,CRI,1/20/2021,,,,,2029,,,,398
Costa Rica,CRI,1/21/2021,,,,,2103,,,,413
Costa Rica,CRI,1/22/2021,,,,,2177,,,,427
Costa Rica,CRI,1/23/2021,,,,,2344,,,,460
Costa Rica,CRI,1/24/2021,,,,,2510,,,,493
Costa Rica,CRI,1/25/2021,48128,45707,2421,,2677,0.94,0.9,0.05,526
Croatia,HRV,12/30/2020,7864,7864,,,,0.19,0.19,,
Croatia,HRV,12/31/2020,,,,,1105,,,,269
Croatia,HRV,1/1/2021,,,,,1105,,,,269
Croatia,HRV,1/2/2021,,,,,1105,,,,269
Croatia,HRV,1/3/2021,12285,12285,,,1105,0.3,0.3,,269
Croatia,HRV,1/4/2021,,,,,1036,,,,252
Croatia,HRV,1/5/2021,13798,13798,,,989,0.34,0.34,,241
Croatia,HRV,1/6/2021,,,,,1334,,,,325
Croatia,HRV,1/7/2021,20603,20603,,,1662,0.5,0.5,,405
Croatia,HRV,1/8/2021,24985,24985,,4382,2130,0.61,0.61,,519
Croatia,HRV,1/9/2021,30000,30000,,5015,2689,0.73,0.73,,655
Croatia,HRV,1/10/2021,,,,,2693,,,,656
Croatia,HRV,1/11/2021,,,,,2748,,,,669
Croatia,HRV,1/12/2021,,,,,2802,,,,683
Croatia,HRV,1/13/2021,34553,34553,,,2479,0.84,0.84,,604
Croatia,HRV,1/14/2021,38000,38000,,3447,2485,0.93,0.93,,605
Croatia,HRV,1/15/2021,41532,41532,,3532,2364,1.01,1.01,,576
Croatia,HRV,1/16/2021,45906,45906,,4374,2272,1.12,1.12,,553
Croatia,HRV,1/17/2021,,,,,2510,,,,611
Croatia,HRV,1/18/2021,,,,,2747,,,,669
Croatia,HRV,1/19/2021,54304,54304,,,2984,1.32,1.32,,727
Croatia,HRV,1/20/2021,,,,,3329,,,,811
Croatia,HRV,1/21/2021,,,,,3343,,,,814
Croatia,HRV,1/22/2021,64951,,,,3346,1.58,,,815
Croatia,HRV,1/23/2021,,,,,2960,,,,721
Croatia,HRV,1/24/2021,,,,,2800,,,,682
Croatia,HRV,1/25/2021,69984,58077,11907,,2640,1.7,1.41,0.29,643
Cyprus,CYP,1/6/2021,3901,,,,,0.45,,,
Cyprus,CYP,1/7/2021,,,,,534,,,,610
Cyprus,CYP,1/8/2021,,,,,534,,,,610
Cyprus,CYP,1/9/2021,,,,,534,,,,610
Cyprus,CYP,1/10/2021,6035,,,,534,0.69,,,610
Cyprus,CYP,1/11/2021,,,,,594,,,,678
Cyprus,CYP,1/12/2021,,,,,635,,,,725
Cyprus,CYP,1/13/2021,,,,,664,,,,758
Cyprus,CYP,1/14/2021,,,,,708,,,,808
Cyprus,CYP,1/15/2021,10226,,,,751,1.17,,,857
Cyprus,CYP,1/16/2021,,,,,821,,,,937
Cyprus,CYP,1/17/2021,,,,,891,,,,1017
Cyprus,CYP,1/18/2021,,,,,917,,,,1047
Cyprus,CYP,1/19/2021,,,,,943,,,,1077
Cyprus,CYP,1/20/2021,,,,,969,,,,1106
Cyprus,CYP,1/21/2021,,,,,996,,,,1137
Cyprus,CYP,1/22/2021,17379,15322,2057,,1022,1.98,1.75,0.23,1167
Czechia,CZE,12/27/2020,1250,1250,,,,0.01,0.01,,
Czechia,CZE,12/28/2020,3532,3532,,2282,2282,0.03,0.03,,213
Czechia,CZE,12/29/2020,6966,6966,,3434,2858,0.07,0.07,,267
Czechia,CZE,12/30/2020,10415,10415,,3449,3055,0.1,0.1,,285
Czechia,CZE,12/31/2020,11714,11714,,1299,2616,0.11,0.11,,244
Czechia,CZE,1/1/2021,11976,11976,,262,2145,0.11,0.11,,200
Czechia,CZE,1/2/2021,13223,13223,,1247,1996,0.12,0.12,,186
Czechia,CZE,1/3/2021,14131,14131,,908,1840,0.13,0.13,,172
Czechia,CZE,1/4/2021,17667,17667,,3536,2019,0.16,0.16,,189
Czechia,CZE,1/5/2021,22134,22134,,4467,2167,0.21,0.21,,202
Czechia,CZE,1/6/2021,27712,27712,,5578,2471,0.26,0.26,,231
Czechia,CZE,1/7/2021,35473,35473,,7761,3394,0.33,0.33,,317
Czechia,CZE,1/8/2021,45330,45330,,9857,4765,0.42,0.42,,445
Czechia,CZE,1/9/2021,47296,47296,,1966,4868,0.44,0.44,,455
Czechia,CZE,1/10/2021,48986,48986,,1690,4979,0.46,0.46,,465
Czechia,CZE,1/11/2021,58504,58504,,9518,5834,0.55,0.55,,545
Czechia,CZE,1/12/2021,71442,71442,,12938,7044,0.67,0.67,,658
Czechia,CZE,1/13/2021,84706,84706,,13264,8142,0.79,0.79,,760
Czechia,CZE,1/14/2021,99296,99296,,14590,9118,0.93,0.93,,851
Czechia,CZE,1/15/2021,112639,112639,,13343,9616,1.05,1.05,,898
Czechia,CZE,1/16/2021,115934,115934,,3295,9805,1.08,1.08,,916
Czechia,CZE,1/17/2021,118971,118349,622,3037,9998,1.11,1.11,0.01,934
Czechia,CZE,1/18/2021,132504,130111,2393,13533,10571,1.24,1.21,0.02,987
Czechia,CZE,1/19/2021,147121,142057,5064,14617,10811,1.37,1.33,0.05,1010
Czechia,CZE,1/20/2021,161863,154246,7617,14742,11022,1.51,1.44,0.07,1029
Czechia,CZE,1/21/2021,177945,168627,9318,16082,11236,1.66,1.57,0.09,1049
Czechia,CZE,1/22/2021,192783,182476,10307,14838,11449,1.8,1.7,0.1,1069
Czechia,CZE,1/23/2021,196381,185262,11119,3598,11492,1.83,1.73,0.1,1073
Czechia,CZE,1/24/2021,198917,187234,11683,2536,11421,1.86,1.75,0.11,1066
Czechia,CZE,1/25/2021,210347,196059,14288,11430,11120,1.96,1.83,0.13,1038
Czechia,CZE,1/26/2021,222450,204828,17622,12103,10761,2.08,1.91,0.16,1005
Denmark,DNK,12/27/2020,6631,6631,,,,0.11,0.11,,
Denmark,DNK,12/28/2020,8625,8625,,1994,1994,0.15,0.15,,344
Denmark,DNK,12/29/2020,17707,17707,,9082,5538,0.31,0.31,,956
Denmark,DNK,12/30/2020,29245,29245,,11538,7538,0.5,0.5,,1301
Denmark,DNK,12/31/2020,35569,35569,,6324,7234,0.61,0.61,,1249
Denmark,DNK,1/1/2021,37951,37951,,2382,6264,0.66,0.66,,1081
Denmark,DNK,1/2/2021,46967,46967,,9016,6723,0.81,0.81,,1161
Denmark,DNK,1/3/2021,53018,53018,,6051,6627,0.92,0.92,,1144
Denmark,DNK,1/4/2021,55447,55447,,2429,6689,0.96,0.96,,1155
Denmark,DNK,1/5/2021,68984,68984,,13537,7325,1.19,1.19,,1265
Denmark,DNK,1/6/2021,88949,88949,,19965,8529,1.54,1.54,,1472
Denmark,DNK,1/7/2021,106562,106562,,17613,10142,1.84,1.84,,1751
Denmark,DNK,1/8/2021,115120,115120,,8558,11024,1.99,1.99,,1903
Denmark,DNK,1/9/2021,117018,117018,,1898,10007,2.02,2.02,,1728
Denmark,DNK,1/10/2021,117833,117833,,815,9259,2.03,2.03,,1599
Denmark,DNK,1/11/2021,118492,118492,,659,9006,2.05,2.05,,1555
Denmark,DNK,1/12/2021,118952,118952,,460,7138,2.05,2.05,,1232
Denmark,DNK,1/13/2021,131627,131627,,12675,6097,2.27,2.27,,1053
Denmark,DNK,1/14/2021,149410,149410,,17783,6121,2.58,2.58,,1057
Denmark,DNK,1/15/2021,164489,164484,5,15079,7053,2.84,2.84,0,1218
Denmark,DNK,1/16/2021,169177,169165,12,4688,7451,2.92,2.92,0,1286
Denmark,DNK,1/17/2021,172440,171702,738,3263,7801,2.98,2.96,0.01,1347
Denmark,DNK,1/18/2021,178469,175573,2896,6029,8568,3.08,3.03,0.05,1479
Denmark,DNK,1/19/2021,183082,178060,5022,4613,9161,3.16,3.07,0.09,1582
Denmark,DNK,1/20/2021,186512,179576,6936,3430,7841,3.22,3.1,0.12,1354
Denmark,DNK,1/21/2021,190381,181091,9290,3869,5853,3.29,3.13,0.16,1010
Denmark,DNK,1/22/2021,196648,181741,14907,6267,4594,3.4,3.14,0.26,793
Denmark,DNK,1/23/2021,204340,182487,21853,7692,5023,3.53,3.15,0.38,867
Denmark,DNK,1/24/2021,210992,183043,27949,6652,5507,3.64,3.16,0.48,951
Denmark,DNK,1/25/2021,213724,183295,30429,2732,5036,3.69,3.16,0.53,869
Ecuador,ECU,1/21/2021,0,0,,,,0,0,,
Ecuador,ECU,1/22/2021,108,108,,108,108,0,0,,6
England,,12/20/2020,568044,568044,,,,1.01,1.01,,
England,,12/21/2020,,,,,37625,,,,668
England,,12/22/2020,,,,,37625,,,,668
England,,12/23/2020,,,,,37625,,,,668
England,,12/24/2020,,,,,37625,,,,668
England,,12/25/2020,,,,,37625,,,,668
England,,12/26/2020,,,,,37625,,,,668
England,,12/27/2020,831416,831416,,,37625,1.48,1.48,,668
England,,12/28/2020,,,,,39253,,,,697
England,,12/29/2020,,,,,40882,,,,726
England,,12/30/2020,,,,,42511,,,,755
England,,12/31/2020,,,,,44139,,,,784
England,,1/1/2021,,,,,45768,,,,813
England,,1/2/2021,,,,,47396,,,,842
England,,1/3/2021,1174592,1154306,20286,,49025,2.09,2.05,0.04,871
England,,1/4/2021,,,,,65678,,,,1167
England,,1/5/2021,,,,,82331,,,,1463
England,,1/6/2021,,,,,98984,,,,1759
England,,1/7/2021,,,,,115637,,,,2054
England,,1/8/2021,,,,,132290,,,,2350
England,,1/9/2021,,,,,148943,,,,2646
England,,1/10/2021,2333764,1959151,374613,,165596,4.15,3.48,0.67,2942
England,,1/11/2021,2474205,2080280,393925,140441,162002,4.4,3.7,0.7,2878
England,,1/12/2021,2661850,2254556,407294,187645,165152,4.73,4.01,0.72,2934
England,,1/13/2021,2910027,2494371,415656,248177,176950,5.17,4.43,0.74,3144
England,,1/14/2021,3189674,2769164,420510,279647,193243,5.67,4.92,0.75,3433
England,,1/15/2021,3514385,3090058,424327,324711,215973,6.24,5.49,0.75,3837
England,,1/16/2021,3791594,3365492,426102,277209,231918,6.74,5.98,0.76,4120
England,,1/17/2021,3947442,3520056,427386,155848,230525,7.01,6.25,0.76,4096
England,,1/18/2021,4118342,3687206,431136,170900,234877,7.32,6.55,0.77,4173
England,,1/19/2021,4419704,3985579,434125,301362,251122,7.85,7.08,0.77,4461
England,,1/20/2021,4740578,4303730,436848,320874,261507,8.42,7.65,0.78,4646
England,,1/21/2021,5100475,4661293,439182,359897,272972,9.06,8.28,0.78,4850
England,,1/22/2021,5526071,5085771,440300,425596,287384,9.82,9.04,0.78,5106
England,,1/23/2021,5970175,5529101,441074,444104,311226,10.61,9.82,0.78,5529
England,,1/24/2021,6169377,5727693,441684,199202,317419,10.96,10.18,0.78,5639
England,,1/25/2021,6405554,5962544,443010,236177,326745,11.38,10.59,0.79,5805
Estonia,EST,12/28/2020,207,207,,,,0.02,0.02,,
Estonia,EST,12/29/2020,516,516,,309,309,0.04,0.04,,233
Estonia,EST,12/30/2020,884,884,,368,338,0.07,0.07,,255
Estonia,EST,12/31/2020,1907,1907,,1023,567,0.14,0.14,,427
Estonia,EST,1/1/2021,2487,2487,,580,570,0.19,0.19,,430
Estonia,EST,1/2/2021,,,,,459,,,,346
Estonia,EST,1/3/2021,2517,2517,,,385,0.19,0.19,,290
Estonia,EST,1/4/2021,2535,2535,,18,333,0.19,0.19,,251
Estonia,EST,1/5/2021,3188,3188,,653,382,0.24,0.24,,288
Estonia,EST,1/6/2021,5009,5009,,1821,589,0.38,0.38,,444
Estonia,EST,1/7/2021,6632,6632,,1623,675,0.5,0.5,,509
Estonia,EST,1/8/2021,7973,7973,,1341,784,0.6,0.6,,591
Estonia,EST,1/9/2021,10197,10197,,2224,1099,0.77,0.77,,828
Estonia,EST,1/10/2021,10749,10749,,552,1176,0.81,0.81,,887
Estonia,EST,1/11/2021,10972,10972,,223,1205,0.83,0.83,,908
Estonia,EST,1/12/2021,11896,11896,,924,1244,0.9,0.9,,938
Estonia,EST,1/13/2021,13481,13481,,1585,1210,1.02,1.02,,912
Estonia,EST,1/14/2021,14879,14879,,1398,1178,1.12,1.12,,888
Estonia,EST,1/15/2021,16677,16677,,1798,1243,1.26,1.26,,937
Estonia,EST,1/16/2021,17959,17959,,1282,1109,1.35,1.35,,836
Estonia,EST,1/17/2021,18179,18179,,220,1061,1.37,1.37,,800
Estonia,EST,1/18/2021,18275,18275,,96,1043,1.38,1.38,,786
Estonia,EST,1/19/2021,19315,19315,,1040,1060,1.46,1.46,,799
Estonia,EST,1/20/2021,20478,20478,,1163,1000,1.54,1.54,,754
Estonia,EST,1/21/2021,21985,21985,,1507,1015,1.66,1.66,,765
Estonia,EST,1/22/2021,24196,24196,,2211,1074,1.82,1.82,,810
Estonia,EST,1/23/2021,25704,25704,,1508,1106,1.94,1.94,,834
Estonia,EST,1/24/2021,25964,25964,,260,1112,1.96,1.96,,838
Estonia,EST,1/25/2021,26126,26126,,162,1122,1.97,1.97,,846
Estonia,EST,1/26/2021,27180,27180,,1054,1124,2.05,2.05,,847
European Union,,12/27/2020,45666,45665,1,,,0.01,0.01,0,
European Union,,12/28/2020,85113,84018,1,39447,39447,0.02,0.02,0,89
European Union,,12/29/2020,166720,164258,1,81607,60527,0.04,0.04,0,136
European Union,,12/30/2020,304355,300565,1,137635,86230,0.07,0.07,0,194
European Union,,12/31/2020,397967,391089,1,93612,88075,0.09,0.09,0,198
European Union,,1/1/2021,438284,431406,1,40317,78524,0.1,0.1,0,176
European Union,,1/2/2021,542320,535442,1,104036,82776,0.12,0.12,0,186
European Union,,1/3/2021,659743,645975,1,117423,87725,0.15,0.15,0,197
European Union,,1/4/2021,935712,917107,1,275969,121514,0.21,0.21,0,273
European Union,,1/5/2021,1239343,1212897,1,303631,153232,0.28,0.27,0,344
European Union,,1/6/2021,1491258,1450411,1,251915,169558,0.34,0.33,0,381
European Union,,1/7/2021,1889056,1834450,1,397798,213013,0.42,0.41,0,479
European Union,,1/8/2021,2291071,2233485,1,402015,264684,0.51,0.5,0,595
European Union,,1/9/2021,2481266,2423679,2,190195,276992,0.56,0.54,0,623
European Union,,1/10/2021,2713964,2625792,2,232698,293460,0.61,0.59,0,660
European Union,,1/11/2021,3142812,3043999,3,428848,315300,0.71,0.68,0,709
European Union,,1/12/2021,3592157,3481562,14,449345,336116,0.81,0.78,0,755
European Union,,1/13/2021,4150065,4024787,16,557908,379830,0.93,0.9,0,854
European Union,,1/14/2021,4682518,4537651,71,532453,399066,1.05,1.02,0,897
European Union,,1/15/2021,5229933,5063401,316,547415,419837,1.18,1.14,0,944
European Union,,1/16/2021,5439911,5265801,797,209978,422664,1.22,1.18,0,950
European Union,,1/17/2021,5689675,5491118,22000,249764,425102,1.28,1.23,0,955
European Union,,1/18/2021,6116127,5992655,58678,426452,424759,1.37,1.35,0.01,955
European Union,,1/19/2021,6602013,6418339,117624,485886,429979,1.48,1.44,0.03,966
European Union,,1/20/2021,7148782,6871618,204877,546769,428388,1.61,1.54,0.05,963
European Union,,1/21/2021,7685770,7271593,325651,536988,429036,1.73,1.63,0.07,964
European Union,,1/22/2021,8360862,7849568,409387,675092,447276,1.88,1.76,0.09,1005
European Union,,1/23/2021,8647020,8048334,496779,286158,458158,1.94,1.81,0.11,1030
European Union,,1/24/2021,8844611,8179117,563587,197591,450705,1.99,1.84,0.13,1013
European Union,,1/25/2021,9387729,8632978,754751,543118,467372,2.11,1.94,0.17,1050
European Union,,1/26/2021,9734827,8860474,874353,347098,447545,2.19,1.99,0.2,1006
Finland,FIN,12/31/2020,1767,,,,,0.03,,,
Finland,FIN,1/1/2021,,,,,459,,,,83
Finland,FIN,1/2/2021,,,,,459,,,,83
Finland,FIN,1/3/2021,,,,,459,,,,83
Finland,FIN,1/4/2021,3604,,,,459,0.07,,,83
Finland,FIN,1/5/2021,5445,,,1841,736,0.1,,,133
Finland,FIN,1/6/2021,,,,,839,,,,151
Finland,FIN,1/7/2021,8155,,,,913,0.15,,,165
Finland,FIN,1/8/2021,11135,,,2980,1273,0.2,,,230
Finland,FIN,1/9/2021,,,,,1353,,,,244
Finland,FIN,1/10/2021,,,,,1433,,,,259
Finland,FIN,1/11/2021,14196,,,,1513,0.26,,,273
Finland,FIN,1/12/2021,17617,,,3421,1739,0.32,,,314
Finland,FIN,1/13/2021,23126,,,5509,2332,0.42,,,421
Finland,FIN,1/14/2021,33033,,,9907,3554,0.6,,,641
Finland,FIN,1/15/2021,43143,,,10110,4573,0.78,,,825
Finland,FIN,1/16/2021,,,,,4971,,,,897
Finland,FIN,1/17/2021,,,,,5369,,,,969
Finland,FIN,1/18/2021,54568,,,,5767,0.98,,,1041
Finland,FIN,1/19/2021,55824,,,1256,5458,1.01,,,985
Finland,FIN,1/20/2021,62061,,,6237,5562,1.12,,,1004
Finland,FIN,1/21/2021,78300,,,16239,6467,1.41,,,1167
Finland,FIN,1/22/2021,91260,,,12960,6874,1.65,,,1241
Finland,FIN,1/23/2021,,,,,7253,,,,1309
Finland,FIN,1/24/2021,,,,,7633,,,,1378
Finland,FIN,1/25/2021,110651,106098,4553,,8012,2,1.91,0.08,1446
Finland,FIN,1/26/2021,117007,110047,6960,6356,8740,2.11,1.99,0.13,1577
France,FRA,1/4/2021,1000,1000,,,,0,0,,
France,FRA,1/5/2021,6000,6000,,5000,5000,0.01,0.01,,74
France,FRA,1/6/2021,18000,18000,,12000,8500,0.03,0.03,,125
France,FRA,1/7/2021,45000,45000,,27000,14667,0.07,0.07,,216
France,FRA,1/8/2021,81000,81000,,36000,20000,0.12,0.12,,295
France,FRA,1/9/2021,95000,95000,,14000,18800,0.14,0.14,,277
France,FRA,1/10/2021,107000,107000,,12000,17667,0.16,0.16,,260
France,FRA,1/11/2021,138351,138351,,31351,19622,0.2,0.2,,289
France,FRA,1/12/2021,189834,189834,,51483,26262,0.28,0.28,,387
France,FRA,1/13/2021,247167,247167,,57333,32738,0.36,0.36,,483
France,FRA,1/14/2021,318216,318216,,71049,39031,0.47,0.47,,575
France,FRA,1/15/2021,388730,388730,,70514,43961,0.57,0.57,,648
France,FRA,1/16/2021,413046,413046,,24316,45435,0.61,0.61,,670
France,FRA,1/17/2021,422127,422127,,9081,45018,0.62,0.62,,664
France,FRA,1/18/2021,479873,479873,,57746,48789,0.71,0.71,,719
France,FRA,1/19/2021,585664,585664,,105791,56547,0.86,0.86,,834
France,FRA,1/20/2021,692777,692777,,107113,63659,1.02,1.02,,938
France,FRA,1/21/2021,823567,823567,,130790,72193,1.21,1.21,,1064
France,FRA,1/22/2021,963139,963139,,139572,82058,1.42,1.42,,1210
France,FRA,1/23/2021,1008720,1008720,,45581,85096,1.49,1.49,,1254
France,FRA,1/24/2021,1026871,1026871,,18151,86392,1.51,1.51,,1274
France,FRA,1/25/2021,1092958,1092958,,66087,87584,1.61,1.61,,1291
France,FRA,1/26/2021,1184510,1184510,,91552,85549,1.75,1.75,,1261
Germany,DEU,12/27/2020,24266,24265,1,,,0.03,0.03,0,
Germany,DEU,12/28/2020,44098,44097,1,19832,19832,0.05,0.05,0,237
Germany,DEU,12/29/2020,87473,87472,1,43375,31604,0.1,0.1,0,377
Germany,DEU,12/30/2020,145393,145392,1,57920,40376,0.17,0.17,0,482
Germany,DEU,12/31/2020,183884,183883,1,38491,39904,0.22,0.22,0,476
Germany,DEU,1/1/2021,208313,208312,1,24429,36809,0.25,0.25,0,439
Germany,DEU,1/2/2021,259523,259522,1,51210,39210,0.31,0.31,0,468
Germany,DEU,1/3/2021,284354,284353,1,24831,37155,0.34,0.34,0,443
Germany,DEU,1/4/2021,333027,333026,1,48673,41276,0.4,0.4,0,493
Germany,DEU,1/5/2021,384129,384128,1,51102,42379,0.46,0.46,0,506
Germany,DEU,1/6/2021,440409,440408,1,56280,42145,0.53,0.53,0,503
Germany,DEU,1/7/2021,498408,498407,1,57999,44932,0.59,0.59,0,536
Germany,DEU,1/8/2021,556533,556532,1,58125,49746,0.66,0.66,0,594
Germany,DEU,1/9/2021,610380,610378,2,53847,50122,0.73,0.73,0,598
Germany,DEU,1/10/2021,642873,642871,2,32493,51217,0.77,0.77,0,611
Germany,DEU,1/11/2021,708614,708611,3,65741,53655,0.85,0.85,0,640
Germany,DEU,1/12/2021,788860,788846,14,80246,57819,0.94,0.94,0,690
Germany,DEU,1/13/2021,886436,886420,16,97576,63718,1.06,1.06,0,761
Germany,DEU,1/14/2021,990874,990803,71,104438,70352,1.18,1.18,0,840
Germany,DEU,1/15/2021,1086364,1086053,311,95490,75690,1.3,1.3,0,903
Germany,DEU,1/16/2021,1142164,1141386,778,55800,75969,1.36,1.36,0,907
Germany,DEU,1/17/2021,1187825,1172590,15235,45661,77850,1.42,1.4,0.02,929
Germany,DEU,1/18/2021,1258634,1226720,31914,70809,78574,1.5,1.46,0.04,938
Germany,DEU,1/19/2021,1345822,1285422,60400,87188,79566,1.61,1.53,0.07,950
Germany,DEU,1/20/2021,1468400,1358755,109645,122578,83138,1.75,1.62,0.13,992
Germany,DEU,1/21/2021,1563521,1417809,145712,95121,81807,1.87,1.69,0.17,976
Germany,DEU,1/22/2021,1678787,1501043,177744,115266,84632,2,1.79,0.21,1010
Germany,DEU,1/23/2021,1768553,1548462,220091,89766,89484,2.11,1.85,0.26,1068
Germany,DEU,1/24/2021,1833079,1585682,247397,64526,92179,2.19,1.89,0.3,1100
Germany,DEU,1/25/2021,1921689,1638425,283264,88610,94722,2.29,1.96,0.34,1131
Gibraltar,GIB,1/10/2021,420,420,,,,1.25,1.25,,
Gibraltar,GIB,1/11/2021,1445,1445,,1025,1025,4.29,4.29,,30424
Gibraltar,GIB,1/12/2021,2501,2501,,1056,1040,7.42,7.42,,30869
Gibraltar,GIB,1/13/2021,,,,,986,,,,29266
Gibraltar,GIB,1/14/2021,,,,,959,,,,28465
Gibraltar,GIB,1/15/2021,5135,5135,,,943,15.24,15.24,,27990
Gibraltar,GIB,1/16/2021,5847,5847,,712,904,17.35,17.35,,26832
Gibraltar,GIB,1/17/2021,5847,5847,,0,775,17.35,17.35,,23003
Gibraltar,GIB,1/18/2021,6435,6435,,588,713,19.1,19.1,,21163
Gibraltar,GIB,1/19/2021,7017,7017,,582,645,20.83,20.83,,19145
Gibraltar,GIB,1/20/2021,7017,7017,,0,520,20.83,20.83,,15434
Gibraltar,GIB,1/21/2021,7947,7947,,930,527,23.59,23.59,,15642
Gibraltar,GIB,1/22/2021,8877,8877,,930,535,26.35,26.35,,15880
Gibraltar,GIB,1/23/2021,9807,9807,,930,566,29.11,29.11,,16800
Gibraltar,GIB,1/24/2021,10341,10341,,534,642,30.69,30.69,,19056
Gibraltar,GIB,1/25/2021,10539,10539,,198,586,31.28,31.28,,17393
Greece,GRC,12/28/2020,386,386,,,,0,0,,
Greece,GRC,12/29/2020,1056,1056,,670,670,0.01,0.01,,64
Greece,GRC,12/30/2020,1709,1709,,653,662,0.02,0.02,,64
Greece,GRC,12/31/2020,2313,2313,,604,642,0.02,0.02,,62
Greece,GRC,1/1/2021,2591,2591,,278,551,0.02,0.02,,53
Greece,GRC,1/2/2021,3132,3132,,541,549,0.03,0.03,,53
Greece,GRC,1/3/2021,3843,3843,,711,576,0.04,0.04,,55
Greece,GRC,1/4/2021,9975,9975,,6132,1370,0.1,0.1,,131
Greece,GRC,1/5/2021,16233,16233,,6258,2168,0.16,0.16,,208
Greece,GRC,1/6/2021,20466,20466,,4233,2680,0.2,0.2,,257
Greece,GRC,1/7/2021,26006,26006,,5540,3385,0.25,0.25,,325
Greece,GRC,1/8/2021,34787,34787,,8781,4599,0.33,0.33,,441
Greece,GRC,1/9/2021,40163,40163,,5376,5290,0.39,0.39,,508
Greece,GRC,1/10/2021,44080,44080,,3917,5748,0.42,0.42,,551
Greece,GRC,1/11/2021,49645,49645,,5565,5667,0.48,0.48,,544
Greece,GRC,1/12/2021,56199,56199,,6554,5709,0.54,0.54,,548
Greece,GRC,1/13/2021,64619,64619,,8420,6308,0.62,0.62,,605
Greece,GRC,1/14/2021,70695,70695,,6076,6384,0.68,0.68,,612
Greece,GRC,1/15/2021,75276,75276,,4581,5784,0.72,0.72,,555
Greece,GRC,1/16/2021,79744,79744,,4468,5654,0.77,0.77,,542
Greece,GRC,1/17/2021,,,,,5486,,,,526
Greece,GRC,1/18/2021,85223,84803,420,,5083,0.82,0.81,0,488
Greece,GRC,1/19/2021,93179,92139,1040,7956,5283,0.89,0.88,0.01,507
Greece,GRC,1/20/2021,107335,105700,1635,14156,6102,1.03,1.01,0.02,585
Greece,GRC,1/21/2021,123347,121109,2238,16012,7522,1.18,1.16,0.02,722
Greece,GRC,1/22/2021,140870,138312,2558,17523,9371,1.35,1.33,0.02,899
Greece,GRC,1/23/2021,157388,154273,3115,16518,11092,1.51,1.48,0.03,1064
Greece,GRC,1/24/2021,,,,,12128,,,,1164
Greece,GRC,1/25/2021,177377,169456,7921,,13165,1.7,1.63,0.08,1263
Greece,GRC,1/26/2021,195783,182778,13005,18406,14658,1.88,1.75,0.12,1406
Hungary,HUN,12/28/2020,1094,,,,,0.01,,,
Hungary,HUN,12/29/2020,2461,,,1367,1367,0.03,,,142
Hungary,HUN,12/30/2020,3789,,,1328,1348,0.04,,,140
Hungary,HUN,12/31/2020,5110,,,1321,1339,0.05,,,139
Hungary,HUN,1/1/2021,,,,,1578,,,,163
Hungary,HUN,1/2/2021,,,,,1722,,,,178
Hungary,HUN,1/3/2021,12000,,,,1818,0.12,,,188
Hungary,HUN,1/4/2021,15000,,,3000,1987,0.16,,,206
Hungary,HUN,1/5/2021,21000,,,6000,2648,0.22,,,274
Hungary,HUN,1/6/2021,31500,,,10500,3959,0.33,,,410
Hungary,HUN,1/7/2021,42549,,,11049,5348,0.44,,,554
Hungary,HUN,1/8/2021,,,,,6375,,,,660
Hungary,HUN,1/9/2021,,,,,7402,,,,766
Hungary,HUN,1/10/2021,71000,,,,8429,0.73,,,873
Hungary,HUN,1/11/2021,78579,,,7579,9083,0.81,,,940
Hungary,HUN,1/12/2021,86929,,,8350,9418,0.9,,,975
Hungary,HUN,1/13/2021,96101,,,9172,9229,0.99,,,955
Hungary,HUN,1/14/2021,105728,,,9627,9026,1.09,,,934
Hungary,HUN,1/15/2021,112847,,,7119,8688,1.17,,,899
Hungary,HUN,1/16/2021,119944,,,7097,8347,1.24,,,864
Hungary,HUN,1/17/2021,123188,,,3244,7455,1.28,,,772
Hungary,HUN,1/18/2021,131332,129689,1643,8144,7536,1.36,1.34,0.02,780
Hungary,HUN,1/19/2021,133257,130318,2939,1925,6618,1.38,1.35,0.03,685
Hungary,HUN,1/20/2021,138584,134554,4030,5327,6069,1.43,1.39,0.04,628
Hungary,HUN,1/21/2021,144798,138983,5815,6214,5581,1.5,1.44,0.06,578
Hungary,HUN,1/22/2021,150128,143184,6944,5330,5326,1.55,1.48,0.07,551
Hungary,HUN,1/23/2021,153392,145257,8135,3264,4778,1.59,1.5,0.08,495
Hungary,HUN,1/24/2021,156098,146695,9403,2706,4701,1.62,1.52,0.1,487
Hungary,HUN,1/25/2021,162315,149676,12639,6217,4426,1.68,1.55,0.13,458
Iceland,ISL,12/30/2020,4875,4875,,,,1.43,1.43,,
Iceland,ISL,12/31/2020,,,,,63,,,,185
Iceland,ISL,1/1/2021,,,,,63,,,,185
Iceland,ISL,1/2/2021,,,,,63,,,,185
Iceland,ISL,1/3/2021,,,,,63,,,,185
Iceland,ISL,1/4/2021,,,,,63,,,,185
Iceland,ISL,1/5/2021,,,,,63,,,,185
Iceland,ISL,1/6/2021,,,,,63,,,,185
Iceland,ISL,1/7/2021,,,,,63,,,,185
Iceland,ISL,1/8/2021,,,,,63,,,,185
Iceland,ISL,1/9/2021,,,,,63,,,,185
Iceland,ISL,1/10/2021,,,,,63,,,,185
Iceland,ISL,1/11/2021,,,,,63,,,,185
Iceland,ISL,1/12/2021,,,,,63,,,,185
Iceland,ISL,1/13/2021,,,,,63,,,,185
Iceland,ISL,1/14/2021,,,,,63,,,,185
Iceland,ISL,1/15/2021,,,,,63,,,,185
Iceland,ISL,1/16/2021,,,,,63,,,,185
Iceland,ISL,1/17/2021,,,,,63,,,,185
Iceland,ISL,1/18/2021,,,,,63,,,,185
Iceland,ISL,1/19/2021,,,,,63,,,,185
Iceland,ISL,1/20/2021,6205,5725,480,,63,1.82,1.68,0.14,185
Iceland,ISL,1/21/2021,,,,,312,,,,914
Iceland,ISL,1/22/2021,,,,,560,,,,1641
Iceland,ISL,1/23/2021,,,,,809,,,,2371
Iceland,ISL,1/24/2021,,,,,1057,,,,3097
Iceland,ISL,1/25/2021,15220,10433,4787,,1306,4.46,3.06,1.4,3827
India,IND,1/15/2021,0,0,,,,0,0,,
India,IND,1/16/2021,191181,191181,,191181,191181,0.01,0.01,,139
India,IND,1/17/2021,224301,224301,,33120,112150,0.02,0.02,,81
India,IND,1/18/2021,454049,454049,,229748,151350,0.03,0.03,,110
India,IND,1/19/2021,674835,674835,,220786,168709,0.05,0.05,,122
India,IND,1/20/2021,806484,806484,,131649,161297,0.06,0.06,,117
India,IND,1/21/2021,1043534,1043534,,237050,173922,0.08,0.08,,126
India,IND,1/22/2021,1390592,1390592,,347058,198656,0.1,0.1,,144
India,IND,1/23/2021,1582201,1582201,,191609,198717,0.11,0.11,,144
India,IND,1/24/2021,1615504,1615504,,33303,198743,0.12,0.12,,144
India,IND,1/25/2021,2023809,2023809,,408305,224251,0.15,0.15,,163
India,IND,1/26/2021,2029480,2029480,,5671,193521,0.15,0.15,,140
Indonesia,IDN,1/12/2021,0,0,,,,0,0,,
Indonesia,IDN,1/13/2021,,,,,13200,,,,48
Indonesia,IDN,1/14/2021,,,,,13200,,,,48
Indonesia,IDN,1/15/2021,,,,,13200,,,,48
Indonesia,IDN,1/16/2021,,,,,13200,,,,48
Indonesia,IDN,1/17/2021,,,,,13200,,,,48
Indonesia,IDN,1/18/2021,,,,,13200,,,,48
Indonesia,IDN,1/19/2021,,,,,13200,,,,48
Indonesia,IDN,1/20/2021,,,,,13200,,,,48
Indonesia,IDN,1/21/2021,,,,,13200,,,,48
Indonesia,IDN,1/22/2021,132000,132000,,,13200,0.05,0.05,,48
Indonesia,IDN,1/23/2021,,,,,12546,,,,46
Indonesia,IDN,1/24/2021,149242,149242,,,11892,0.05,0.05,,43
Indonesia,IDN,1/25/2021,161959,161959,,12717,11823,0.06,0.06,,43
Indonesia,IDN,1/26/2021,245685,245685,,83726,21898,0.09,0.09,,80
Ireland,IRL,12/31/2020,1800,1800,,,,0.04,0.04,,
Ireland,IRL,1/1/2021,,,,,550,,,,111
Ireland,IRL,1/2/2021,,,,,550,,,,111
Ireland,IRL,1/3/2021,,,,,550,,,,111
Ireland,IRL,1/4/2021,4000,4000,,,550,0.08,0.08,,111
Ireland,IRL,1/5/2021,,,,,1194,,,,242
Ireland,IRL,1/6/2021,,,,,1624,,,,329
Ireland,IRL,1/7/2021,15314,15314,,,1931,0.31,0.31,,391
Ireland,IRL,1/8/2021,,,,,3028,,,,613
Ireland,IRL,1/9/2021,,,,,4124,,,,835
Ireland,IRL,1/10/2021,40000,40000,,,5221,0.81,0.81,,1057
Ireland,IRL,1/11/2021,,,,,6919,,,,1401
Ireland,IRL,1/12/2021,,,,,8157,,,,1652
Ireland,IRL,1/13/2021,77303,77303,,,9394,1.57,1.57,,1902
Ireland,IRL,1/14/2021,,,,,9452,,,,1914
Ireland,IRL,1/15/2021,,,,,8873,,,,1797
Ireland,IRL,1/16/2021,,,,,8293,,,,1679
Ireland,IRL,1/17/2021,94000,94000,,,7714,1.9,1.9,,1562
Ireland,IRL,1/18/2021,,,,,7267,,,,1472
Ireland,IRL,1/19/2021,,,,,6819,,,,1381
Ireland,IRL,1/20/2021,121900,121900,,,6371,2.47,2.47,,1290
Ireland,IRL,1/21/2021,,,,,6528,,,,1322
Ireland,IRL,1/22/2021,,,,,6686,,,,1354
Ireland,IRL,1/23/2021,,,,,6843,,,,1386
Ireland,IRL,1/24/2021,143000,143000,,,7000,2.9,2.9,,1418
Isle of Man,IMN,1/21/2021,3558,,,,,4.18,,,
Isle of Man,IMN,1/22/2021,3648,,,90,90,4.29,,,1058
Isle of Man,IMN,1/23/2021,,,,,138,,,,1623
Isle of Man,IMN,1/24/2021,,,,,155,,,,1823
Isle of Man,IMN,1/25/2021,4209,3897,312,,163,4.95,4.58,0.37,1917
Israel,ISR,12/19/2020,57,57,,,,0,0,,
Israel,ISR,12/20/2020,7358,7358,,7301,7301,0.09,0.09,,844
Israel,ISR,12/21/2020,32081,32081,,24723,16012,0.37,0.37,,1850
Israel,ISR,12/22/2020,76242,76242,,44161,25395,0.88,0.88,,2934
Israel,ISR,12/23/2020,137754,137754,,61512,34424,1.59,1.59,,3977
Israel,ISR,12/24/2020,209697,209697,,71943,41928,2.42,2.42,,4844
Israel,ISR,12/25/2020,247382,247382,,37685,41221,2.86,2.86,,4762
Israel,ISR,12/26/2020,279353,279353,,31971,39899,3.23,3.23,,4610
Israel,ISR,12/27/2020,381910,381910,,102557,53507,4.41,4.41,,6182
Israel,ISR,12/28/2020,513751,513751,,131841,68810,5.94,5.94,,7950
Israel,ISR,12/29/2020,667149,667149,,153398,84415,7.71,7.71,,9753
Israel,ISR,12/30/2020,816637,816637,,149488,96983,9.43,9.43,,11205
Israel,ISR,12/31/2020,971774,971774,,155137,108868,11.23,11.23,,12578
Israel,ISR,1/1/2021,1042138,1042138,,70364,113537,12.04,12.04,,13117
Israel,ISR,1/2/2021,1112892,1112892,,70754,119077,12.86,12.86,,13757
Israel,ISR,1/3/2021,1258446,1258446,,145554,125219,14.54,14.54,,14467
Israel,ISR,1/4/2021,1397723,1397721,2,139277,126282,16.15,16.15,0,14590
Israel,ISR,1/5/2021,1520345,1520343,2,122622,121885,17.56,17.56,0,14082
Israel,ISR,1/6/2021,1620670,1620668,2,100325,114862,18.72,18.72,0,13270
Israel,ISR,1/7/2021,1733929,1733923,6,113259,108879,20.03,20.03,0,12579
Israel,ISR,1/8/2021,1799105,1799094,11,65176,108138,20.79,20.79,0,12493
Israel,ISR,1/9/2021,1842958,1842921,37,43853,104295,21.29,21.29,0,12050
Israel,ISR,1/10/2021,1885713,1879724,5989,42755,89610,21.79,21.72,0.07,10353
Israel,ISR,1/11/2021,1925024,1899996,25028,39311,75329,22.24,21.95,0.29,8703
Israel,ISR,1/12/2021,1983551,1923445,60106,58527,66172,22.92,22.22,0.69,7645
Israel,ISR,1/13/2021,2090137,1974586,115551,106586,67067,24.15,22.81,1.33,7748
Israel,ISR,1/14/2021,2213011,2030236,182775,122874,68440,25.57,23.46,2.11,7907
Israel,ISR,1/15/2021,2278493,2060646,217847,65482,68484,26.32,23.81,2.52,7912
Israel,ISR,1/16/2021,2333095,2089803,243292,54602,70020,26.95,24.14,2.81,8090
Israel,ISR,1/17/2021,2483309,2157587,325722,150214,85371,28.69,24.93,3.76,9863
Israel,ISR,1/18/2021,2669666,2227230,442436,186357,106377,30.84,25.73,5.11,12290
Israel,ISR,1/19/2021,2876527,2299981,576546,206861,127568,33.23,26.57,6.66,14738
Israel,ISR,1/20/2021,3092766,2377368,715398,216239,143233,35.73,27.47,8.27,16548
Israel,ISR,1/21/2021,3322109,2448660,873449,229343,158443,38.38,28.29,10.09,18305
Israel,ISR,1/22/2021,3430030,2487524,942506,107921,164505,39.63,28.74,10.89,19006
Israel,ISR,1/23/2021,3522815,2528149,994666,92785,169960,40.7,29.21,11.49,19636
Israel,ISR,1/24/2021,3729039,2599364,1129675,206224,177961,43.08,30.03,13.05,20560
Israel,ISR,1/25/2021,3946294,2687811,1258483,217255,182375,45.59,31.05,14.54,21070
Israel,ISR,1/26/2021,4146005,2768202,1377803,199711,181354,47.9,31.98,15.92,20952
Italy,ITA,12/27/2020,6986,6986,,,,0.01,0.01,,
Italy,ITA,12/28/2020,7936,7936,,950,950,0.01,0.01,,16
Italy,ITA,12/29/2020,8838,8838,,902,926,0.01,0.01,,15
Italy,ITA,12/30/2020,13427,13427,,4589,2147,0.02,0.02,,36
Italy,ITA,12/31/2020,38453,38453,,25026,7867,0.06,0.06,,130
Italy,ITA,1/1/2021,49341,49341,,10888,8471,0.08,0.08,,140
Italy,ITA,1/2/2021,86986,86986,,37645,13333,0.14,0.14,,221
Italy,ITA,1/3/2021,121673,121673,,34687,16384,0.2,0.2,,271
Italy,ITA,1/4/2021,188904,188904,,67231,25853,0.31,0.31,,428
Italy,ITA,1/5/2021,267356,267356,,78452,36931,0.44,0.44,,611
Italy,ITA,1/6/2021,331813,331813,,64457,45484,0.55,0.55,,752
Italy,ITA,1/7/2021,422772,422772,,90959,54903,0.7,0.7,,908
Italy,ITA,1/8/2021,515516,515516,,92744,66596,0.85,0.85,,1101
Italy,ITA,1/9/2021,600139,600139,,84623,73308,0.99,0.99,,1212
Italy,ITA,1/10/2021,659990,659990,,59851,76902,1.09,1.09,,1272
Italy,ITA,1/11/2021,738066,738066,,78076,78452,1.22,1.22,,1298
Italy,ITA,1/12/2021,816892,816892,,78826,78505,1.35,1.35,,1298
Italy,ITA,1/13/2021,907459,907459,,90567,82235,1.5,1.5,,1360
Italy,ITA,1/14/2021,996428,996428,,88969,81951,1.65,1.65,,1355
Italy,ITA,1/15/2021,1079883,1079883,,83455,80624,1.79,1.79,,1333
Italy,ITA,1/16/2021,1140305,1140298,7,60422,77167,1.89,1.89,0,1276
Italy,ITA,1/17/2021,1175238,1172467,2771,34933,73607,1.94,1.94,0,1217
Italy,ITA,1/18/2021,1215130,1208016,7114,39892,68152,2.01,2,0.01,1127
Italy,ITA,1/19/2021,1245200,1236320,8880,30070,61187,2.06,2.04,0.01,1012
Italy,ITA,1/20/2021,1272914,1259635,13279,27714,52208,2.11,2.08,0.02,863
Italy,ITA,1/21/2021,1306086,1273779,32307,33172,44237,2.16,2.11,0.05,732
Italy,ITA,1/22/2021,1330598,1284579,46019,24512,35816,2.2,2.12,0.08,592
Italy,ITA,1/23/2021,1367893,1289766,78127,37295,32513,2.26,2.13,0.13,538
Italy,ITA,1/24/2021,1400962,1292437,108525,33069,32246,2.32,2.14,0.18,533
Italy,ITA,1/25/2021,1466327,1296470,169857,65365,35885,2.43,2.14,0.28,594
Italy,ITA,1/26/2021,1525612,1298990,226622,59285,40059,2.52,2.15,0.37,663
Kuwait,KWT,12/28/2020,2500,2500,,,,0.06,0.06,,
Latvia,LVA,12/28/2020,595,595,,,,0.03,0.03,,
Latvia,LVA,12/29/2020,1472,1472,,877,877,0.08,0.08,,465
Latvia,LVA,12/30/2020,2260,2260,,788,832,0.12,0.12,,441
Latvia,LVA,12/31/2020,,,,,602,,,,319
Latvia,LVA,1/1/2021,,,,,486,,,,258
Latvia,LVA,1/2/2021,,,,,417,,,,221
Latvia,LVA,1/3/2021,,,,,371,,,,197
Latvia,LVA,1/4/2021,2959,2959,,,338,0.16,0.16,,179
Latvia,LVA,1/5/2021,3847,3847,,888,339,0.2,0.2,,180
Latvia,LVA,1/6/2021,4623,4623,,776,338,0.25,0.25,,179
Latvia,LVA,1/7/2021,5430,5430,,807,433,0.29,0.29,,230
Latvia,LVA,1/8/2021,6332,6332,,902,542,0.34,0.34,,287
Latvia,LVA,1/9/2021,6635,6635,,303,565,0.35,0.35,,300
Latvia,LVA,1/10/2021,6966,6966,,331,592,0.37,0.37,,314
Latvia,LVA,1/11/2021,8328,8328,,1362,767,0.44,0.44,,407
Latvia,LVA,1/12/2021,9948,9948,,1620,872,0.53,0.53,,462
Latvia,LVA,1/13/2021,11454,11454,,1506,976,0.61,0.61,,517
Latvia,LVA,1/14/2021,13271,13271,,1817,1120,0.7,0.7,,594
Latvia,LVA,1/15/2021,15136,15136,,1865,1258,0.8,0.8,,667
Latvia,LVA,1/16/2021,15799,15799,,663,1309,0.84,0.84,,694
Latvia,LVA,1/17/2021,15916,15916,,117,1279,0.84,0.84,,678
Latvia,LVA,1/18/2021,16759,16759,,843,1204,0.89,0.89,,638
Latvia,LVA,1/19/2021,17635,17635,,876,1098,0.93,0.93,,582
Latvia,LVA,1/20/2021,18405,18405,,770,993,0.98,0.98,,526
Latvia,LVA,1/21/2021,18684,18684,,279,773,0.99,0.99,,410
Latvia,LVA,1/22/2021,18897,18897,,213,537,1,1,,285
Latvia,LVA,1/23/2021,19022,19022,,125,460,1.01,1.01,,244
Latvia,LVA,1/24/2021,,,,,491,,,,260
Latvia,LVA,1/25/2021,19683,19683,,,418,1.04,1.04,,222
Lithuania,LTU,12/27/2020,2418,2418,,,,0.09,0.09,,
Lithuania,LTU,12/28/2020,5203,5203,,2785,2785,0.19,0.19,,1023
Lithuania,LTU,12/29/2020,8189,8189,,2986,2886,0.3,0.3,,1060
Lithuania,LTU,12/30/2020,9722,9722,,1533,2435,0.36,0.36,,894
Lithuania,LTU,12/31/2020,9747,9747,,25,1832,0.36,0.36,,673
Lithuania,LTU,1/1/2021,,,,,1491,,,,548
Lithuania,LTU,1/2/2021,,,,,1263,,,,464
Lithuania,LTU,1/3/2021,,,,,1100,,,,404
Lithuania,LTU,1/4/2021,,,,,720,,,,264
Lithuania,LTU,1/5/2021,10366,10366,,,311,0.38,0.38,,114
Lithuania,LTU,1/6/2021,13865,13865,,3499,592,0.51,0.51,,217
Lithuania,LTU,1/7/2021,18007,18007,,4142,1180,0.66,0.66,,433
Lithuania,LTU,1/8/2021,23148,23148,,5141,1897,0.85,0.85,,697
Lithuania,LTU,1/9/2021,23452,23452,,304,1922,0.86,0.86,,706
Lithuania,LTU,1/10/2021,23455,23455,,3,1905,0.86,0.86,,700
Lithuania,LTU,1/11/2021,25658,25658,,2203,2202,0.94,0.94,,809
Lithuania,LTU,1/12/2021,27729,27729,,2071,2480,1.02,1.02,,911
Lithuania,LTU,1/13/2021,33724,33724,,5995,2837,1.24,1.24,,1042
Lithuania,LTU,1/14/2021,42238,42238,,8514,3462,1.55,1.55,,1272
Lithuania,LTU,1/15/2021,49365,49365,,7127,3745,1.81,1.81,,1376
Lithuania,LTU,1/16/2021,50452,50452,,1087,3857,1.85,1.85,,1417
Lithuania,LTU,1/17/2021,51582,50494,1088,1130,4018,1.89,1.85,0.04,1476
Lithuania,LTU,1/18/2021,56004,53245,2759,4422,4335,2.06,1.96,0.1,1592
Lithuania,LTU,1/19/2021,62198,55544,6654,6194,4924,2.28,2.04,0.24,1809
Lithuania,LTU,1/20/2021,65576,57127,8449,3378,4550,2.41,2.1,0.31,1671
Lithuania,LTU,1/21/2021,67024,57991,9033,1448,3541,2.46,2.13,0.33,1301
Lithuania,LTU,1/22/2021,67305,58263,9042,281,2563,2.47,2.14,0.33,941
Lithuania,LTU,1/23/2021,67314,58272,9042,9,2409,2.47,2.14,0.33,885
Lithuania,LTU,1/24/2021,,,,,2250,,,,827
Lithuania,LTU,1/25/2021,67350,58308,9042,,1621,2.47,2.14,0.33,595
Lithuania,LTU,1/26/2021,70018,60352,9666,2668,1117,2.57,2.22,0.36,410
Luxembourg,LUX,12/30/2020,1200,1200,,,,0.19,0.19,,
Luxembourg,LUX,12/31/2020,,,,,62,,,,99
Luxembourg,LUX,1/1/2021,,,,,62,,,,99
Luxembourg,LUX,1/2/2021,,,,,62,,,,99
Luxembourg,LUX,1/3/2021,,,,,62,,,,99
Luxembourg,LUX,1/4/2021,,,,,62,,,,99
Luxembourg,LUX,1/5/2021,,,,,62,,,,99
Luxembourg,LUX,1/6/2021,,,,,62,,,,99
Luxembourg,LUX,1/7/2021,,,,,62,,,,99
Luxembourg,LUX,1/8/2021,,,,,62,,,,99
Luxembourg,LUX,1/9/2021,,,,,62,,,,99
Luxembourg,LUX,1/10/2021,,,,,62,,,,99
Luxembourg,LUX,1/11/2021,1943,1943,,,62,0.31,0.31,,99
Luxembourg,LUX,1/12/2021,2372,2372,,429,114,0.38,0.38,,182
Luxembourg,LUX,1/13/2021,2871,2871,,499,177,0.46,0.46,,283
Luxembourg,LUX,1/14/2021,3233,3233,,362,220,0.52,0.52,,351
Luxembourg,LUX,1/15/2021,,,,,236,,,,377
Luxembourg,LUX,1/16/2021,,,,,252,,,,403
Luxembourg,LUX,1/17/2021,3755,3755,,,268,0.6,0.6,,428
Luxembourg,LUX,1/18/2021,4569,4569,,814,375,0.73,0.73,,599
Luxembourg,LUX,1/19/2021,5294,5294,,725,417,0.85,0.85,,666
Luxembourg,LUX,1/20/2021,6193,6193,,899,475,0.99,0.99,,759
Luxembourg,LUX,1/21/2021,6897,6897,,704,523,1.1,1.1,,835
Luxembourg,LUX,1/22/2021,,,,,558,,,,891
Luxembourg,LUX,1/23/2021,,,,,592,,,,946
Luxembourg,LUX,1/24/2021,,,,,626,,,,1000
Luxembourg,LUX,1/25/2021,8554,7309,1245,,569,1.37,1.17,0.2,909
Malta,MLT,12/28/2020,130,130,,,,0.03,0.03,,
Malta,MLT,12/29/2020,,,,,259,,,,587
Malta,MLT,12/30/2020,,,,,259,,,,587
Malta,MLT,12/31/2020,,,,,259,,,,587
Malta,MLT,1/1/2021,,,,,259,,,,587
Malta,MLT,1/2/2021,,,,,259,,,,587
Malta,MLT,1/3/2021,,,,,259,,,,587
Malta,MLT,1/4/2021,1940,1940,,,259,0.44,0.44,,587
Malta,MLT,1/5/2021,,,,,281,,,,636
Malta,MLT,1/6/2021,,,,,304,,,,689
Malta,MLT,1/7/2021,,,,,327,,,,741
Malta,MLT,1/8/2021,,,,,350,,,,793
Malta,MLT,1/9/2021,,,,,373,,,,845
Malta,MLT,1/10/2021,,,,,396,,,,897
Malta,MLT,1/11/2021,4870,4870,,,419,1.1,1.1,,949
Malta,MLT,1/12/2021,,,,,524,,,,1187
Malta,MLT,1/13/2021,,,,,629,,,,1425
Malta,MLT,1/14/2021,,,,,735,,,,1665
Malta,MLT,1/15/2021,9496,9496,,,840,2.15,2.15,,1902
Malta,MLT,1/16/2021,,,,,938,,,,2124
Malta,MLT,1/17/2021,11705,11705,,,1036,2.65,2.65,,2346
Malta,MLT,1/18/2021,13002,13002,,1297,1162,2.94,2.94,,2632
Malta,MLT,1/19/2021,14276,14276,,1274,1178,3.23,3.23,,2668
Malta,MLT,1/20/2021,15316,15316,,1040,1162,3.47,3.47,,2632
Malta,MLT,1/21/2021,16531,16531,,1215,1170,3.74,3.74,,2650
Malta,MLT,1/22/2021,17767,17767,,1236,1182,4.02,4.02,,2677
Malta,MLT,1/23/2021,18930,18930,,1163,1190,4.29,4.29,,2695
Malta,MLT,1/24/2021,19981,19981,,1051,1182,4.53,4.53,,2677
Malta,MLT,1/25/2021,21172,21172,,1191,1167,4.8,4.8,,2643
Mexico,MEX,12/24/2020,2924,2924,,,,0,0,,
Mexico,MEX,12/25/2020,,,,,1300,,,,10
Mexico,MEX,12/26/2020,,,,,1300,,,,10
Mexico,MEX,12/27/2020,6824,6824,,,1300,0.01,0.01,,10
Mexico,MEX,12/28/2020,9579,9579,,2755,1664,0.01,0.01,,13
Mexico,MEX,12/29/2020,18529,18529,,8950,3121,0.01,0.01,,24
Mexico,MEX,12/30/2020,24998,24998,,6469,3679,0.02,0.02,,29
Mexico,MEX,12/31/2020,,,,,3695,,,,29
Mexico,MEX,1/1/2021,,,,,4051,,,,31
Mexico,MEX,1/2/2021,,,,,4407,,,,34
Mexico,MEX,1/3/2021,,,,,4763,,,,37
Mexico,MEX,1/4/2021,43960,43960,,,4912,0.03,0.03,,38
Mexico,MEX,1/5/2021,48236,48236,,4276,4244,0.04,0.04,,33
Mexico,MEX,1/6/2021,53185,53185,,4949,4027,0.04,0.04,,31
Mexico,MEX,1/7/2021,58402,58402,,5217,4230,0.05,0.05,,33
Mexico,MEX,1/8/2021,67468,67468,,9066,4984,0.05,0.05,,39
Mexico,MEX,1/9/2021,74794,74794,,7326,5488,0.06,0.06,,43
Mexico,MEX,1/10/2021,81300,81300,,6506,5876,0.06,0.06,,46
Mexico,MEX,1/11/2021,87060,87060,,5760,6157,0.07,0.07,,48
Mexico,MEX,1/12/2021,92879,92879,,5819,6378,0.07,0.07,,49
Mexico,MEX,1/13/2021,192567,192567,,99688,19912,0.15,0.15,,154
Mexico,MEX,1/14/2021,329983,329983,,137416,38797,0.26,0.26,,301
Mexico,MEX,1/15/2021,417375,415417,1958,87392,49987,0.32,0.32,0,388
Mexico,MEX,1/16/2021,463246,461025,2221,45871,55493,0.36,0.36,0,430
Mexico,MEX,1/17/2021,472142,468708,3434,8896,55835,0.37,0.36,0,433
Mexico,MEX,1/18/2021,492529,485983,6546,20387,57924,0.38,0.38,0.01,449
Mexico,MEX,1/19/2021,498122,488513,9609,5593,57892,0.39,0.38,0.01,449
Mexico,MEX,1/20/2021,501030,489628,11402,2908,44066,0.39,0.38,0.01,342
Mexico,MEX,1/21/2021,552335,534317,18018,51305,31765,0.43,0.41,0.01,246
Mexico,MEX,1/22/2021,614808,594725,20083,62473,28205,0.48,0.46,0.02,219
Mexico,MEX,1/23/2021,618768,596296,22472,3960,22217,0.48,0.46,0.02,172
Mexico,MEX,1/24/2021,629626,604441,25185,10858,22498,0.49,0.47,0.02,174
Mexico,MEX,1/25/2021,645105,616390,28715,15479,21797,0.5,0.48,0.02,169
Mexico,MEX,1/26/2021,652319,621005,31314,7214,22028,0.51,0.48,0.02,171
Netherlands,NLD,1/6/2021,6000,6000,,,,0.04,0.04,,
Netherlands,NLD,1/7/2021,15000,15000,,9000,9000,0.09,0.09,,525
Netherlands,NLD,1/8/2021,27000,27000,,12000,10500,0.16,0.16,,613
Netherlands,NLD,1/9/2021,30000,30000,,3000,8000,0.18,0.18,,467
Netherlands,NLD,1/10/2021,34000,34000,,4000,7000,0.2,0.2,,409
Netherlands,NLD,1/11/2021,35500,35500,,1500,5900,0.21,0.21,,344
Netherlands,NLD,1/12/2021,45000,45000,,9500,6500,0.26,0.26,,379
Netherlands,NLD,1/13/2021,47000,47000,,2000,5857,0.27,0.27,,342
Netherlands,NLD,1/14/2021,,,,,5143,,,,300
Netherlands,NLD,1/15/2021,55000,55000,,,4000,0.32,0.32,,233
Netherlands,NLD,1/16/2021,,,,,5143,,,,300
Netherlands,NLD,1/17/2021,77000,77000,,,6143,0.45,0.45,,359
Netherlands,NLD,1/18/2021,,,,,7024,,,,410
Netherlands,NLD,1/19/2021,,,,,6762,,,,395
Netherlands,NLD,1/20/2021,100000,100000,,,7571,0.58,0.58,,442
Netherlands,NLD,1/21/2021,,,,,9500,,,,554
Netherlands,NLD,1/22/2021,135000,135000,,,11429,0.79,0.79,,667
Netherlands,NLD,1/23/2021,,,,,10687,,,,624
Netherlands,NLD,1/24/2021,146612,146612,,,9945,0.86,0.86,,580
Netherlands,NLD,1/25/2021,163931,163931,,17319,11323,0.96,0.96,,661
Netherlands,NLD,1/26/2021,173638,173638,,9707,11615,1.01,1.01,,678
Northern Cyprus,,1/14/2021,0,0,,,,0,0,,
Northern Cyprus,,1/15/2021,,,,,994,,,,2601
Northern Cyprus,,1/16/2021,,,,,994,,,,2601
Northern Cyprus,,1/17/2021,,,,,994,,,,2601
Northern Cyprus,,1/18/2021,,,,,994,,,,2601
Northern Cyprus,,1/19/2021,4968,4968,,,994,1.3,1.3,,2601
Northern Cyprus,,1/20/2021,,,,,1163,,,,3043
Northern Cyprus,,1/21/2021,,,,,1284,,,,3359
Northern Cyprus,,1/22/2021,11000,11000,,,1429,2.88,2.88,,3739
Northern Ireland,,12/13/2020,3623,3623,,,,0.19,0.19,,
Northern Ireland,,12/14/2020,,,,,1778,,,,939
Northern Ireland,,12/15/2020,,,,,1778,,,,939
Northern Ireland,,12/16/2020,,,,,1778,,,,939
Northern Ireland,,12/17/2020,,,,,1778,,,,939
Northern Ireland,,12/18/2020,,,,,1778,,,,939
Northern Ireland,,12/19/2020,,,,,1778,,,,939
Northern Ireland,,12/20/2020,16068,16068,,,1778,0.85,0.85,,939
Northern Ireland,,12/21/2020,,,,,1829,,,,966
Northern Ireland,,12/22/2020,,,,,1880,,,,993
Northern Ireland,,12/23/2020,,,,,1931,,,,1020
Northern Ireland,,12/24/2020,,,,,1982,,,,1047
Northern Ireland,,12/25/2020,,,,,2033,,,,1074
Northern Ireland,,12/26/2020,,,,,2084,,,,1101
Northern Ireland,,12/27/2020,31016,31016,,,2135,1.64,1.64,,1127
Northern Ireland,,12/28/2020,,,,,2054,,,,1085
Northern Ireland,,12/29/2020,,,,,1972,,,,1041
Northern Ireland,,12/30/2020,,,,,1890,,,,998
Northern Ireland,,12/31/2020,,,,,1808,,,,955
Northern Ireland,,1/1/2021,,,,,1726,,,,911
Northern Ireland,,1/2/2021,,,,,1645,,,,869
Northern Ireland,,1/3/2021,41956,40685,1271,,1563,2.22,2.15,0.07,825
Northern Ireland,,1/4/2021,,,,,2360,,,,1246
Northern Ireland,,1/5/2021,,,,,3157,,,,1667
Northern Ireland,,1/6/2021,,,,,3954,,,,2088
Northern Ireland,,1/7/2021,,,,,4751,,,,2509
Northern Ireland,,1/8/2021,,,,,5548,,,,2930
Northern Ireland,,1/9/2021,,,,,6345,,,,3351
Northern Ireland,,1/10/2021,91954,78005,13949,,7143,4.86,4.12,0.74,3772
Northern Ireland,,1/11/2021,99475,84187,15288,7521,7197,5.25,4.45,0.81,3801
Northern Ireland,,1/12/2021,109257,91417,17840,9782,7574,5.77,4.83,0.94,4000
Northern Ireland,,1/13/2021,121711,102701,19010,12454,8332,6.43,5.42,1,4400
Northern Ireland,,1/14/2021,133831,114567,19264,12120,9044,7.07,6.05,1.02,4776
Northern Ireland,,1/15/2021,137380,117906,19474,3549,8530,7.25,6.23,1.03,4504
Northern Ireland,,1/16/2021,140561,120387,20174,3181,7964,7.42,6.36,1.07,4206
Northern Ireland,,1/17/2021,146733,125717,21016,6172,7826,7.75,6.64,1.11,4133
Northern Ireland,,1/18/2021,154436,132857,21579,7703,7852,8.16,7.02,1.14,4146
Northern Ireland,,1/19/2021,160396,138436,21960,5960,7306,8.47,7.31,1.16,3858
Northern Ireland,,1/20/2021,166538,144212,22326,6142,6404,8.79,7.62,1.18,3382
Northern Ireland,,1/21/2021,173549,151039,22510,7011,5674,9.16,7.98,1.19,2996
Northern Ireland,,1/22/2021,177026,154366,22660,3477,5664,9.35,8.15,1.2,2991
Northern Ireland,,1/23/2021,178331,155644,22687,1305,5396,9.42,8.22,1.2,2849
Northern Ireland,,1/24/2021,182355,159642,22713,4024,5089,9.63,8.43,1.2,2687
Northern Ireland,,1/25/2021,186112,163317,22795,3757,4525,9.83,8.62,1.2,2390
Norway,NOR,12/27/2020,5,5,,,,0,0,,
Norway,NOR,12/28/2020,605,605,,600,600,0.01,0.01,,111
Norway,NOR,12/29/2020,1673,1673,,1068,834,0.03,0.03,,154
Norway,NOR,12/30/2020,2095,2095,,422,697,0.04,0.04,,129
Norway,NOR,12/31/2020,2167,2167,,72,540,0.04,0.04,,100
Norway,NOR,1/1/2021,2173,2173,,6,434,0.04,0.04,,80
Norway,NOR,1/2/2021,2173,2173,,0,361,0.04,0.04,,67
Norway,NOR,1/3/2021,2173,2173,,0,310,0.04,0.04,,57
Norway,NOR,1/4/2021,2174,2174,,1,224,0.04,0.04,,41
Norway,NOR,1/5/2021,5593,5593,,3419,560,0.1,0.1,,103
Norway,NOR,1/6/2021,14571,14571,,8978,1782,0.27,0.27,,329
Norway,NOR,1/7/2021,21107,21107,,6536,2706,0.39,0.39,,499
Norway,NOR,1/8/2021,22709,22709,,1602,2934,0.42,0.42,,541
Norway,NOR,1/9/2021,22840,22840,,131,2952,0.42,0.42,,545
Norway,NOR,1/10/2021,22946,22946,,106,2968,0.42,0.42,,547
Norway,NOR,1/11/2021,23287,23287,,341,3016,0.43,0.43,,556
Norway,NOR,1/12/2021,27424,27424,,4137,3119,0.51,0.51,,575
Norway,NOR,1/13/2021,37005,37005,,9581,3205,0.68,0.68,,591
Norway,NOR,1/14/2021,45281,45281,,8276,3453,0.84,0.84,,637
Norway,NOR,1/15/2021,49689,49689,,4408,3854,0.92,0.92,,711
Norway,NOR,1/16/2021,50400,50400,,711,3937,0.93,0.93,,726
Norway,NOR,1/17/2021,50715,50710,5,315,3967,0.94,0.94,0,732
Norway,NOR,1/18/2021,52215,51940,275,1500,4133,0.96,0.96,0.01,762
Norway,NOR,1/19/2021,57468,56426,1042,5253,4292,1.06,1.04,0.02,792
Norway,NOR,1/20/2021,67759,66031,1728,10291,4393,1.25,1.22,0.03,810
Norway,NOR,1/21/2021,75873,73977,1896,8114,4370,1.4,1.36,0.03,806
Norway,NOR,1/22/2021,79024,77121,1903,3151,4191,1.46,1.42,0.04,773
Norway,NOR,1/23/2021,79377,77474,1903,353,4140,1.46,1.43,0.04,764
Norway,NOR,1/24/2021,79436,77533,1903,59,4103,1.47,1.43,0.04,757
Norway,NOR,1/25/2021,80003,78100,1903,567,3970,1.48,1.44,0.04,732
Oman,OMN,12/28/2020,1717,1717,,,,0.03,0.03,,
Oman,OMN,12/29/2020,3363,3363,,1646,1646,0.07,0.07,,322
Oman,OMN,12/30/2020,5043,5043,,1680,1663,0.1,0.1,,326
Oman,OMN,12/31/2020,6516,6516,,1473,1600,0.13,0.13,,313
Oman,OMN,1/1/2021,,,,,1289,,,,252
Oman,OMN,1/2/2021,7231,7231,,,1103,0.14,0.14,,216
Oman,OMN,1/3/2021,8826,8826,,1595,1185,0.17,0.17,,232
Oman,OMN,1/4/2021,10728,10728,,1902,1287,0.21,0.21,,252
Oman,OMN,1/5/2021,12751,12751,,2023,1341,0.25,0.25,,263
Oman,OMN,1/6/2021,14005,14005,,1254,1280,0.27,0.27,,251
Oman,OMN,1/7/2021,14911,14911,,906,1199,0.29,0.29,,235
Oman,OMN,1/8/2021,14980,14980,,69,1158,0.29,0.29,,227
Oman,OMN,1/9/2021,15023,15023,,43,1113,0.29,0.29,,218
Oman,OMN,1/10/2021,15907,15907,,884,1012,0.31,0.31,,198
Oman,OMN,1/11/2021,18287,18287,,2380,1080,0.36,0.36,,211
Oman,OMN,1/12/2021,20649,20649,,2362,1128,0.4,0.4,,221
Oman,OMN,1/13/2021,22749,22749,,2100,1249,0.45,0.45,,245
Oman,OMN,1/14/2021,24204,24204,,1455,1328,0.47,0.47,,260
Oman,OMN,1/15/2021,,,,,1358,,,,266
Oman,OMN,1/16/2021,24773,24773,,,1393,0.49,0.49,,273
Oman,OMN,1/17/2021,25446,24773,673,673,1363,0.5,0.49,0.01,267
Oman,OMN,1/18/2021,26758,24773,1985,1312,1210,0.52,0.49,0.04,237
Oman,OMN,1/19/2021,28049,24773,3276,1291,1057,0.55,0.49,0.06,207
Oman,OMN,1/20/2021,29548,24773,4775,1499,971,0.58,0.49,0.09,190
Oman,OMN,1/21/2021,,,,,817,,,,160
Oman,OMN,1/22/2021,,,,,830,,,,163
Oman,OMN,1/23/2021,30675,24773,5902,,843,0.6,0.49,0.12,165
Oman,OMN,1/24/2021,32765,24773,7992,2090,1046,0.64,0.49,0.16,205
Oman,OMN,1/25/2021,34606,24773,9833,1841,1121,0.68,0.49,0.19,220
Oman,OMN,1/26/2021,36206,24773,11433,1600,1165,0.71,0.49,0.22,228
Panama,PAN,1/19/2021,0,0,,,,0,0,,
Panama,PAN,1/20/2021,6,6,,6,6,0,0,,1
Panama,PAN,1/21/2021,2728,2728,,2722,1364,0.06,0.06,,316
Panama,PAN,1/22/2021,5081,5081,,2353,1694,0.12,0.12,,393
Panama,PAN,1/23/2021,5594,5594,,513,1398,0.13,0.13,,324
Panama,PAN,1/24/2021,6420,6420,,826,1284,0.15,0.15,,298
Poland,POL,12/28/2020,2000,2000,,,,0.01,0.01,,
Poland,POL,12/29/2020,6300,6300,,4300,4300,0.02,0.02,,114
Poland,POL,12/30/2020,36300,36300,,30000,17150,0.1,0.1,,453
Poland,POL,12/31/2020,47600,47600,,11300,15200,0.13,0.13,,402
Poland,POL,1/1/2021,,,,,11749,,,,310
Poland,POL,1/2/2021,50391,50391,,,9678,0.13,0.13,,256
Poland,POL,1/3/2021,50833,50833,,442,8139,0.13,0.13,,215
Poland,POL,1/4/2021,92220,92220,,41387,12889,0.24,0.24,,341
Poland,POL,1/5/2021,140226,140226,,48006,19132,0.37,0.37,,506
Poland,POL,1/6/2021,160359,160359,,20133,17723,0.42,0.42,,468
Poland,POL,1/7/2021,188956,188956,,28597,20194,0.5,0.5,,534
Poland,POL,1/8/2021,198787,198787,,9831,21399,0.53,0.53,,565
Poland,POL,1/9/2021,200022,200022,,1235,21376,0.53,0.53,,565
Poland,POL,1/10/2021,203053,203053,,3031,21746,0.54,0.54,,575
Poland,POL,1/11/2021,257834,257834,,54781,23659,0.68,0.68,,625
Poland,POL,1/12/2021,309620,309620,,51786,24199,0.82,0.82,,639
Poland,POL,1/13/2021,369212,369212,,59592,29836,0.98,0.98,,788
Poland,POL,1/14/2021,410480,410480,,41268,31646,1.08,1.08,,836
Poland,POL,1/15/2021,436963,436963,,26483,34025,1.15,1.15,,899
Poland,POL,1/16/2021,457303,457303,,20340,36754,1.21,1.21,,971
Poland,POL,1/17/2021,469466,468795,671,12163,38059,1.24,1.24,0,1006
Poland,POL,1/18/2021,495164,491696,3468,25698,33904,1.31,1.3,0.01,896
Poland,POL,1/19/2021,541229,530055,11174,46065,33087,1.43,1.4,0.03,874
Poland,POL,1/20/2021,591785,566793,24992,50556,31796,1.56,1.5,0.07,840
Poland,POL,1/21/2021,644999,605313,39686,53214,33503,1.7,1.6,0.1,885
Poland,POL,1/22/2021,684277,638798,45479,39278,35331,1.81,1.69,0.12,934
Poland,POL,1/23/2021,701164,654184,46980,16887,34837,1.85,1.73,0.12,920
Poland,POL,1/24/2021,707474,659753,47721,6310,34001,1.87,1.74,0.13,898
Poland,POL,1/25/2021,776987,701222,75765,69513,40260,2.05,1.85,0.2,1064
Portugal,PRT,12/28/2020,4828,4828,,,,0.05,0.05,,
Portugal,PRT,12/29/2020,16701,16701,,11873,11873,0.16,0.16,,1164
Portugal,PRT,12/30/2020,26850,26850,,10149,11011,0.26,0.26,,1080
Portugal,PRT,12/31/2020,,,,,7770,,,,762
Portugal,PRT,1/1/2021,,,,,6149,,,,603
Portugal,PRT,1/2/2021,,,,,5177,,,,508
Portugal,PRT,1/3/2021,32000,32000,,,4529,0.31,0.31,,444
Portugal,PRT,1/4/2021,,,,,4360,,,,428
Portugal,PRT,1/5/2021,,,,,3141,,,,308
Portugal,PRT,1/6/2021,42035,42035,,,2169,0.41,0.41,,213
Portugal,PRT,1/7/2021,,,,,3983,,,,391
Portugal,PRT,1/8/2021,70000,70000,,,5796,0.69,0.69,,568
Portugal,PRT,1/9/2021,,,,,6347,,,,622
Portugal,PRT,1/10/2021,,,,,6898,,,,676
Portugal,PRT,1/11/2021,,,,,7155,,,,702
Portugal,PRT,1/12/2021,,,,,7412,,,,727
Portugal,PRT,1/13/2021,,,,,7668,,,,752
Portugal,PRT,1/14/2021,,,,,6406,,,,628
Portugal,PRT,1/15/2021,106000,106000,,,5143,1.04,1.04,,504
Portugal,PRT,1/16/2021,,,,,6571,,,,644
Portugal,PRT,1/17/2021,,,,,8000,,,,785
Portugal,PRT,1/18/2021,,,,,9429,,,,925
Portugal,PRT,1/19/2021,,,,,10857,,,,1065
Portugal,PRT,1/20/2021,,,,,12286,,,,1205
Portugal,PRT,1/21/2021,,,,,13714,,,,1345
Portugal,PRT,1/22/2021,212000,212000,,,15143,2.08,2.08,,1485
Portugal,PRT,1/23/2021,232725,232725,,20725,15940,2.28,2.28,,1563
Portugal,PRT,1/24/2021,,,,,15242,,,,1495
Portugal,PRT,1/25/2021,,,,,14545,,,,1426
Portugal,PRT,1/26/2021,263499,263499,,,13847,2.58,2.58,,1358
Romania,ROU,12/28/2020,2066,2066,,,,0.01,0.01,,
Romania,ROU,12/29/2020,2778,2778,,712,712,0.01,0.01,,37
Romania,ROU,12/30/2020,5666,5666,,2888,1800,0.03,0.03,,94
Romania,ROU,12/31/2020,10289,10289,,4623,2741,0.05,0.05,,142
Romania,ROU,1/1/2021,11656,11656,,1367,2398,0.06,0.06,,125
Romania,ROU,1/2/2021,13242,13242,,1586,2235,0.07,0.07,,116
Romania,ROU,1/3/2021,13596,13596,,354,1922,0.07,0.07,,100
Romania,ROU,1/4/2021,25508,25508,,11912,3349,0.13,0.13,,174
Romania,ROU,1/5/2021,41609,41609,,16101,5547,0.22,0.22,,288
Romania,ROU,1/6/2021,58554,58554,,16945,7555,0.3,0.3,,393
Romania,ROU,1/7/2021,76400,76400,,17846,9444,0.4,0.4,,491
Romania,ROU,1/8/2021,92706,92706,,16306,11579,0.48,0.48,,602
Romania,ROU,1/9/2021,102301,102301,,9595,12723,0.53,0.53,,661
Romania,ROU,1/10/2021,108294,108294,,5993,13528,0.56,0.56,,703
Romania,ROU,1/11/2021,125190,125190,,16896,14240,0.65,0.65,,740
Romania,ROU,1/12/2021,140447,140447,,15257,14120,0.73,0.73,,734
Romania,ROU,1/13/2021,154268,154268,,13821,13673,0.8,0.8,,711
Romania,ROU,1/14/2021,167612,167612,,13344,13030,0.87,0.87,,677
Romania,ROU,1/15/2021,183669,183669,,16057,12995,0.95,0.95,,675
Romania,ROU,1/16/2021,196090,196090,,12421,13398,1.02,1.02,,696
Romania,ROU,1/17/2021,205060,204185,875,8970,13824,1.07,1.06,0,719
Romania,ROU,1/18/2021,235239,233288,1951,30179,15721,1.22,1.21,0.01,817
Romania,ROU,1/19/2021,270046,267424,2622,34807,18514,1.4,1.39,0.01,962
Romania,ROU,1/20/2021,308384,302570,5814,38338,22017,1.6,1.57,0.03,1144
Romania,ROU,1/21/2021,348096,338252,9844,39712,25783,1.81,1.76,0.05,1340
Romania,ROU,1/22/2021,385936,374681,11255,37840,28895,2.01,1.95,0.06,1502
Romania,ROU,1/23/2021,418885,406006,12879,32949,31828,2.18,2.11,0.07,1654
Romania,ROU,1/24/2021,446285,433129,13156,27400,34461,2.32,2.25,0.07,1791
Romania,ROU,1/25/2021,484631,459567,25064,38346,35627,2.52,2.39,0.13,1852
Romania,ROU,1/26/2021,528378,487711,40667,43747,36905,2.75,2.54,0.21,1918
Russia,RUS,12/15/2020,28500,28500,,,,0.02,0.02,,
Russia,RUS,12/16/2020,,,,,3357,,,,23
Russia,RUS,12/17/2020,,,,,3357,,,,23
Russia,RUS,12/18/2020,,,,,3357,,,,23
Russia,RUS,12/19/2020,,,,,3357,,,,23
Russia,RUS,12/20/2020,,,,,3357,,,,23
Russia,RUS,12/21/2020,,,,,3357,,,,23
Russia,RUS,12/22/2020,52000,52000,,,3357,0.04,0.04,,23
Russia,RUS,12/23/2020,,,,,12592,,,,86
Russia,RUS,12/24/2020,,,,,21827,,,,150
Russia,RUS,12/25/2020,,,,,31061,,,,213
Russia,RUS,12/26/2020,,,,,40296,,,,276
Russia,RUS,12/27/2020,,,,,49531,,,,339
Russia,RUS,12/28/2020,,,,,58765,,,,403
Russia,RUS,12/29/2020,,,,,68000,,,,466
Russia,RUS,12/30/2020,,,,,68000,,,,466
Russia,RUS,12/31/2020,,,,,68000,,,,466
Russia,RUS,1/1/2021,,,,,68000,,,,466
Russia,RUS,1/2/2021,800000,800000,,,68000,0.55,0.55,,466
Russia,RUS,1/3/2021,,,,,60883,,,,417
Russia,RUS,1/4/2021,,,,,53766,,,,368
Russia,RUS,1/5/2021,,,,,46649,,,,320
Russia,RUS,1/6/2021,,,,,39532,,,,271
Russia,RUS,1/7/2021,,,,,32416,,,,222
Russia,RUS,1/8/2021,,,,,25299,,,,173
Russia,RUS,1/9/2021,,,,,18182,,,,125
Russia,RUS,1/10/2021,,,,,18182,,,,125
Russia,RUS,1/11/2021,,,,,18182,,,,125
Russia,RUS,1/12/2021,,,,,18182,,,,125
Russia,RUS,1/13/2021,1000000,1000000,,,18182,0.69,0.69,,125
Saudi Arabia,SAU,1/6/2021,100000,100000,,,,0.29,0.29,,
Saudi Arabia,SAU,1/7/2021,137862,137862,,37862,37862,0.4,0.4,,1088
Saudi Arabia,SAU,1/8/2021,,,,,23990,,,,689
Saudi Arabia,SAU,1/9/2021,,,,,19366,,,,556
Saudi Arabia,SAU,1/10/2021,,,,,17055,,,,490
Saudi Arabia,SAU,1/11/2021,178337,178337,,,15667,0.51,0.51,,450
Saudi Arabia,SAU,1/12/2021,,,,,16312,,,,469
Saudi Arabia,SAU,1/13/2021,,,,,16772,,,,482
Saudi Arabia,SAU,1/14/2021,,,,,14153,,,,407
Saudi Arabia,SAU,1/15/2021,,,,,15498,,,,445
Saudi Arabia,SAU,1/16/2021,,,,,16843,,,,484
Saudi Arabia,SAU,1/17/2021,295530,295530,,,18187,0.85,0.85,,522
Scotland,,12/13/2020,18858,18858,,,,0.35,0.35,,
Scotland,,12/14/2020,,,,,5821,,,,1065
Scotland,,12/15/2020,,,,,5821,,,,1065
Scotland,,12/16/2020,,,,,5821,,,,1065
Scotland,,12/17/2020,,,,,5821,,,,1065
Scotland,,12/18/2020,,,,,5821,,,,1065
Scotland,,12/19/2020,,,,,5821,,,,1065
Scotland,,12/20/2020,59608,59608,,,5821,1.09,1.09,,1065
Scotland,,12/21/2020,,,,,5690,,,,1041
Scotland,,12/22/2020,,,,,5558,,,,1017
Scotland,,12/23/2020,,,,,5426,,,,993
Scotland,,12/24/2020,,,,,5295,,,,969
Scotland,,12/25/2020,,,,,5163,,,,945
Scotland,,12/26/2020,,,,,5031,,,,921
Scotland,,12/27/2020,93904,93904,,,4899,1.72,1.72,,897
Scotland,,12/28/2020,,,,,4635,,,,848
Scotland,,12/29/2020,,,,,4370,,,,800
Scotland,,12/30/2020,,,,,4105,,,,751
Scotland,,12/31/2020,,,,,3841,,,,703
Scotland,,1/1/2021,,,,,3576,,,,655
Scotland,,1/2/2021,,,,,3312,,,,606
Scotland,,1/3/2021,115232,115194,38,,3047,2.11,2.11,0,558
Scotland,,1/4/2021,,,,,3650,,,,668
Scotland,,1/5/2021,,,,,4254,,,,779
Scotland,,1/6/2021,,,,,4858,,,,889
Scotland,,1/7/2021,,,,,5461,,,,1000
Scotland,,1/8/2021,,,,,6065,,,,1110
Scotland,,1/9/2021,,,,,6668,,,,1221
Scotland,,1/10/2021,166135,163377,2758,,7272,3.04,2.99,0.05,1331
Scotland,,1/11/2021,178799,175942,2857,12664,8042,3.27,3.22,0.05,1472
Scotland,,1/12/2021,194955,191965,2990,16156,9311,3.57,3.51,0.05,1704
Scotland,,1/13/2021,211397,208207,3190,16442,10621,3.87,3.81,0.06,1944
Scotland,,1/14/2021,228171,224840,3331,16774,11979,4.18,4.12,0.06,2193
Scotland,,1/15/2021,,,,,12869,,,,2356
Scotland,,1/16/2021,,,,,13760,,,,2519
Scotland,,1/17/2021,268689,264991,3698,,14651,4.92,4.85,0.07,2682
Scotland,,1/18/2021,288468,284582,3886,19779,15667,5.28,5.21,0.07,2868
Scotland,,1/19/2021,314079,309909,4170,25611,17018,5.75,5.67,0.08,3115
Scotland,,1/20/2021,339337,334871,4466,25258,18277,6.21,6.13,0.08,3345
Scotland,,1/21/2021,363143,358454,4689,23806,19282,6.65,6.56,0.09,3529
Scotland,,1/22/2021,385855,380667,5188,22712,20597,7.06,6.97,0.09,3770
Scotland,,1/23/2021,409421,404038,5383,23566,22034,7.49,7.4,0.1,4033
Scotland,,1/24/2021,420940,415402,5538,11519,21750,7.7,7.6,0.1,3981
Scotland,,1/25/2021,443960,437900,6060,23020,22213,8.13,8.02,0.11,4066
Serbia,SRB,1/8/2021,7000,7000,,,,0.1,0.1,,
Serbia,SRB,1/9/2021,,,,,1150,,,,169
Serbia,SRB,1/10/2021,9300,9300,,,1150,0.14,0.14,,169
Serbia,SRB,1/11/2021,,,,,1503,,,,221
Serbia,SRB,1/12/2021,,,,,1680,,,,247
Serbia,SRB,1/13/2021,,,,,1785,,,,262
Serbia,SRB,1/14/2021,18136,18136,,,1856,0.27,0.27,,273
Serbia,SRB,1/15/2021,,,,,2221,,,,326
Serbia,SRB,1/16/2021,,,,,2687,,,,395
Serbia,SRB,1/17/2021,,,,,3153,,,,463
Serbia,SRB,1/18/2021,,,,,3468,,,,510
Serbia,SRB,1/19/2021,,,,,3783,,,,556
Serbia,SRB,1/20/2021,44611,44611,,,4098,0.66,0.66,,602
Serbia,SRB,1/21/2021,84832,84832,,40221,9528,1.25,1.25,,1400
Serbia,SRB,1/22/2021,119711,119711,,34879,13880,1.76,1.76,,2040
Serbia,SRB,1/23/2021,163355,163355,,43644,19485,2.4,2.4,,2864
Serbia,SRB,1/24/2021,217800,217800,,54445,26632,3.2,3.2,,3914
Serbia,SRB,1/25/2021,256521,256521,,38721,31534,3.77,3.77,,4634
Serbia,SRB,1/26/2021,310266,310266,,53745,38581,4.56,4.56,,5670
Seychelles,SYC,1/9/2021,0,0,,,,0,0,,
Seychelles,SYC,1/10/2021,,,,,500,,,,5084
Seychelles,SYC,1/11/2021,,,,,500,,,,5084
Seychelles,SYC,1/12/2021,,,,,500,,,,5084
Seychelles,SYC,1/13/2021,2000,2000,,,500,2.03,2.03,,5084
Seychelles,SYC,1/14/2021,,,,,600,,,,6101
Seychelles,SYC,1/15/2021,4000,4000,,,667,4.07,4.07,,6783
Seychelles,SYC,1/16/2021,7000,7000,,3000,1000,7.12,7.12,,10169
Seychelles,SYC,1/17/2021,,,,,1118,,,,11369
Seychelles,SYC,1/18/2021,,,,,1236,,,,12569
Seychelles,SYC,1/19/2021,10976,10976,,,1354,11.16,11.16,,13769
Seychelles,SYC,1/20/2021,13163,13163,,2187,1595,13.39,13.39,,16219
Seychelles,SYC,1/21/2021,,,,,1718,,,,17470
Seychelles,SYC,1/22/2021,16890,16890,,,1841,17.18,17.18,,18721
Seychelles,SYC,1/23/2021,18353,18353,,1463,1622,18.66,18.66,,16494
Seychelles,SYC,1/24/2021,,,,,1542,,,,15680
Seychelles,SYC,1/25/2021,19889,19889,,,1463,20.22,20.22,,14877
Singapore,SGP,1/11/2021,3400,3400,,,,0.06,0.06,,
Singapore,SGP,1/12/2021,6200,6200,,2800,2800,0.11,0.11,,479
Singapore,SGP,1/13/2021,,,,,4090,,,,699
Singapore,SGP,1/14/2021,,,,,4520,,,,773
Singapore,SGP,1/15/2021,,,,,4735,,,,809
Singapore,SGP,1/16/2021,,,,,4864,,,,831
Singapore,SGP,1/17/2021,,,,,4950,,,,846
Singapore,SGP,1/18/2021,,,,,5011,,,,857
Singapore,SGP,1/19/2021,,,,,5380,,,,920
Singapore,SGP,1/20/2021,,,,,5380,,,,920
Singapore,SGP,1/21/2021,,,,,5380,,,,920
Singapore,SGP,1/22/2021,60000,60000,,,5380,1.03,1.03,,920
Slovakia,SVK,1/4/2021,0,0,,,,0,0,,
Slovakia,SVK,1/5/2021,425,425,,425,425,0.01,0.01,,78
Slovakia,SVK,1/6/2021,6618,6618,,6193,3309,0.12,0.12,,606
Slovakia,SVK,1/7/2021,13631,13631,,7013,4544,0.25,0.25,,832
Slovakia,SVK,1/8/2021,20548,20548,,6917,5137,0.38,0.38,,941
Slovakia,SVK,1/9/2021,22281,22281,,1733,4456,0.41,0.41,,816
Slovakia,SVK,1/10/2021,25326,25326,,3045,4221,0.46,0.46,,773
Slovakia,SVK,1/11/2021,29221,29221,,3895,4174,0.54,0.54,,765
Slovakia,SVK,1/12/2021,39735,39735,,10514,5616,0.73,0.73,,1029
Slovakia,SVK,1/13/2021,46243,46243,,6508,5661,0.85,0.85,,1037
Slovakia,SVK,1/14/2021,53830,53830,,7587,5743,0.99,0.99,,1052
Slovakia,SVK,1/15/2021,61381,61381,,7551,5833,1.12,1.12,,1068
Slovakia,SVK,1/16/2021,62589,62589,,1208,5758,1.15,1.15,,1055
Slovakia,SVK,1/17/2021,62643,62643,,54,5331,1.15,1.15,,976
Slovakia,SVK,1/18/2021,71626,71044,582,8983,6058,1.31,1.3,0.01,1110
Slovakia,SVK,1/19/2021,78672,77633,1039,7046,5562,1.44,1.42,0.02,1019
Slovakia,SVK,1/20/2021,85966,84066,1900,7294,5675,1.57,1.54,0.03,1039
Slovakia,SVK,1/21/2021,90293,87749,2544,4327,5209,1.65,1.61,0.05,954
Slovakia,SVK,1/22/2021,96430,93761,2669,6137,5007,1.77,1.72,0.05,917
Slovakia,SVK,1/23/2021,96706,94037,2669,276,4874,1.77,1.72,0.05,893
Slovakia,SVK,1/24/2021,96706,94037,2669,0,4866,1.77,1.72,0.05,891
Slovakia,SVK,1/25/2021,102692,97869,4823,5986,4438,1.88,1.79,0.09,813
Slovenia,SVN,1/3/2021,5934,5934,,,,0.29,0.29,,
Slovenia,SVN,1/4/2021,7204,7204,,1270,1270,0.35,0.35,,611
Slovenia,SVN,1/5/2021,8901,8901,,1697,1484,0.43,0.43,,714
Slovenia,SVN,1/6/2021,12265,12265,,3364,2110,0.59,0.59,,1015
Slovenia,SVN,1/7/2021,16339,16339,,4074,2601,0.79,0.79,,1251
Slovenia,SVN,1/8/2021,19523,19523,,3184,2718,0.94,0.94,,1307
Slovenia,SVN,1/9/2021,19930,19930,,407,2333,0.96,0.96,,1122
Slovenia,SVN,1/10/2021,20546,20546,,616,2087,0.99,0.99,,1004
Slovenia,SVN,1/11/2021,22484,22484,,1938,2183,1.08,1.08,,1050
Slovenia,SVN,1/12/2021,24462,24462,,1978,2223,1.18,1.18,,1069
Slovenia,SVN,1/13/2021,29561,29561,,5099,2471,1.42,1.42,,1189
Slovenia,SVN,1/14/2021,35159,35159,,5598,2689,1.69,1.69,,1293
Slovenia,SVN,1/15/2021,40778,40778,,5619,3036,1.96,1.96,,1460
Slovenia,SVN,1/16/2021,41439,41439,,661,3073,1.99,1.99,,1478
Slovenia,SVN,1/17/2021,42035,42035,,596,3070,2.02,2.02,,1477
Slovenia,SVN,1/18/2021,43081,43081,,1046,2942,2.07,2.07,,1415
Slovenia,SVN,1/19/2021,43869,43869,,788,2772,2.11,2.11,,1333
Slovenia,SVN,1/20/2021,46467,46467,,2598,2415,2.24,2.24,,1162
Slovenia,SVN,1/21/2021,52098,46467,5631,5631,2420,2.51,2.24,0.27,1164
Slovenia,SVN,1/22/2021,54839,48170,6669,2741,2009,2.64,2.32,0.32,966
Slovenia,SVN,1/23/2021,55680,48717,6963,841,2034,2.68,2.34,0.33,978
Slovenia,SVN,1/24/2021,55978,48857,7121,298,1992,2.69,2.35,0.34,958
Slovenia,SVN,1/25/2021,57591,49744,7847,1613,2073,2.77,2.39,0.38,997
Spain,ESP,1/4/2021,82834,82834,,,,0.18,0.18,,
Spain,ESP,1/5/2021,139339,139339,,56505,56505,0.3,0.3,,1209
Spain,ESP,1/6/2021,,,,,45248,,,,968
Spain,ESP,1/7/2021,207323,207323,,,41496,0.44,0.44,,888
Spain,ESP,1/8/2021,277976,277976,,70653,48786,0.59,0.59,,1043
Spain,ESP,1/9/2021,,,,,47569,,,,1017
Spain,ESP,1/10/2021,,,,,46759,,,,1000
Spain,ESP,1/11/2021,406091,406091,,,46180,0.87,0.87,,988
Spain,ESP,1/12/2021,488122,488122,,82031,49826,1.04,1.04,,1066
Spain,ESP,1/13/2021,581638,581638,,93516,58330,1.24,1.24,,1248
Spain,ESP,1/14/2021,676186,676186,,94548,66980,1.45,1.45,,1433
Spain,ESP,1/15/2021,768950,768950,,92764,70139,1.64,1.64,,1500
Spain,ESP,1/16/2021,,,,,70181,,,,1501
Spain,ESP,1/17/2021,,,,,70223,,,,1502
Spain,ESP,1/18/2021,897942,895627,2315,,70264,1.92,1.92,0,1503
Spain,ESP,1/19/2021,966097,956756,9341,68155,68282,2.07,2.05,0.02,1460
Spain,ESP,1/20/2021,1025937,1010295,15642,59840,63471,2.19,2.16,0.03,1358
Spain,ESP,1/21/2021,1103301,1054245,49056,77364,61016,2.36,2.25,0.1,1305
Spain,ESP,1/22/2021,1165825,1097369,68456,62524,56696,2.49,2.35,0.15,1213
Spain,ESP,1/23/2021,,,,,53971,,,,1154
Spain,ESP,1/24/2021,,,,,51247,,,,1096
Spain,ESP,1/25/2021,1237593,1148895,88698,,48522,2.65,2.46,0.19,1038
Spain,ESP,1/26/2021,1291216,1167519,123697,53623,46446,2.76,2.5,0.26,993
Sweden,SWE,12/27/2020,4115,4115,,,,0.04,0.04,,
Sweden,SWE,12/28/2020,,,,,3859,,,,382
Sweden,SWE,12/29/2020,,,,,3859,,,,382
Sweden,SWE,12/30/2020,,,,,3859,,,,382
Sweden,SWE,12/31/2020,,,,,3859,,,,382
Sweden,SWE,1/1/2021,,,,,3859,,,,382
Sweden,SWE,1/2/2021,,,,,3859,,,,382
Sweden,SWE,1/3/2021,31129,31129,,,3859,0.31,0.31,,382
Sweden,SWE,1/4/2021,,,,,4294,,,,425
Sweden,SWE,1/5/2021,,,,,4729,,,,468
Sweden,SWE,1/6/2021,,,,,5165,,,,511
Sweden,SWE,1/7/2021,,,,,5600,,,,554
Sweden,SWE,1/8/2021,,,,,6035,,,,598
Sweden,SWE,1/9/2021,,,,,6470,,,,641
Sweden,SWE,1/10/2021,79466,79466,,,6905,0.79,0.79,,684
Sweden,SWE,1/11/2021,,,,,7292,,,,722
Sweden,SWE,1/12/2021,,,,,7680,,,,760
Sweden,SWE,1/13/2021,,,,,8067,,,,799
Sweden,SWE,1/14/2021,,,,,8454,,,,837
Sweden,SWE,1/15/2021,,,,,8841,,,,875
Sweden,SWE,1/16/2021,,,,,9228,,,,914
Sweden,SWE,1/17/2021,146775,146775,,,9616,1.45,1.45,,952
Sweden,SWE,1/18/2021,,,,,9062,,,,897
Sweden,SWE,1/19/2021,,,,,8508,,,,842
Sweden,SWE,1/20/2021,,,,,7955,,,,788
Sweden,SWE,1/21/2021,,,,,7401,,,,733
Sweden,SWE,1/22/2021,,,,,6848,,,,678
Sweden,SWE,1/23/2021,,,,,6294,,,,623
Sweden,SWE,1/24/2021,,,,,5741,,,,568
Sweden,SWE,1/25/2021,192700,192700,,,5741,1.91,1.91,,568
Switzerland,CHE,12/23/2020,0,0,,,,0,0,,
Switzerland,CHE,12/24/2020,,,,,3000,,,,347
Switzerland,CHE,12/25/2020,,,,,3000,,,,347
Switzerland,CHE,12/26/2020,,,,,3000,,,,347
Switzerland,CHE,12/27/2020,,,,,3000,,,,347
Switzerland,CHE,12/28/2020,,,,,3000,,,,347
Switzerland,CHE,12/29/2020,,,,,3000,,,,347
Switzerland,CHE,12/30/2020,,,,,3000,,,,347
Switzerland,CHE,12/31/2020,,,,,3000,,,,347
Switzerland,CHE,1/1/2021,,,,,3000,,,,347
Switzerland,CHE,1/2/2021,,,,,3000,,,,347
Switzerland,CHE,1/3/2021,,,,,3000,,,,347
Switzerland,CHE,1/4/2021,,,,,3000,,,,347
Switzerland,CHE,1/5/2021,,,,,3000,,,,347
Switzerland,CHE,1/6/2021,,,,,3000,,,,347
Switzerland,CHE,1/7/2021,,,,,3000,,,,347
Switzerland,CHE,1/8/2021,,,,,3000,,,,347
Switzerland,CHE,1/9/2021,,,,,3000,,,,347
Switzerland,CHE,1/10/2021,,,,,3000,,,,347
Switzerland,CHE,1/11/2021,,,,,3000,,,,347
Switzerland,CHE,1/12/2021,,,,,3000,,,,347
Switzerland,CHE,1/13/2021,,,,,3000,,,,347
Switzerland,CHE,1/14/2021,66000,66000,,,3000,0.76,0.76,,347
Switzerland,CHE,1/15/2021,,,,,3829,,,,442
Switzerland,CHE,1/16/2021,,,,,4657,,,,538
Switzerland,CHE,1/17/2021,,,,,5486,,,,634
Switzerland,CHE,1/18/2021,,,,,6314,,,,730
Switzerland,CHE,1/19/2021,110000,110000,,,7143,1.27,1.27,,825
Switzerland,CHE,1/20/2021,,,,,10984,,,,1269
Switzerland,CHE,1/21/2021,169783,169783,,,14826,1.96,1.96,,1713
Switzerland,CHE,1/22/2021,,,,,14883,,,,1720
Switzerland,CHE,1/23/2021,,,,,14939,,,,1726
Switzerland,CHE,1/24/2021,197368,197368,,,14995,2.28,2.28,,1733
Turkey,TUR,1/13/2021,0,0,,,,0,0,,
Turkey,TUR,1/14/2021,279452,279452,,279452,279452,0.33,0.33,,3313
Turkey,TUR,1/15/2021,616652,616652,,337200,308326,0.73,0.73,,3656
Turkey,TUR,1/16/2021,676903,676903,,60251,225634,0.8,0.8,,2675
Turkey,TUR,1/17/2021,706451,706451,,29548,176613,0.84,0.84,,2094
Turkey,TUR,1/18/2021,832412,832412,,125961,166482,0.99,0.99,,1974
Turkey,TUR,1/19/2021,950635,950635,,118223,158439,1.13,1.13,,1879
Turkey,TUR,1/20/2021,1052493,1052493,,101858,150356,1.25,1.25,,1783
Turkey,TUR,1/21/2021,1120258,1120258,,67765,120115,1.33,1.33,,1424
Turkey,TUR,1/22/2021,1202212,1202212,,81954,83651,1.43,1.43,,992
Turkey,TUR,1/23/2021,1226883,1226883,,24671,78569,1.45,1.45,,932
Turkey,TUR,1/24/2021,1244653,1244653,,17770,76886,1.48,1.48,,912
Turkey,TUR,1/25/2021,1302753,1302753,,58100,67192,1.54,1.54,,797
Turkey,TUR,1/26/2021,1410273,1410273,,107520,65663,1.67,1.67,,779
United Arab Emirates,ARE,1/5/2021,826301,,,,,8.35,,,
United Arab Emirates,ARE,1/6/2021,,,,,30698,,,,3104
United Arab Emirates,ARE,1/7/2021,887697,,,,30698,8.98,,,3104
United Arab Emirates,ARE,1/8/2021,941556,,,53859,38418,9.52,,,3884
United Arab Emirates,ARE,1/9/2021,1020349,,,78793,48512,10.32,,,4905
United Arab Emirates,ARE,1/10/2021,1086568,836568,250000,66219,52053,10.99,8.46,2.53,5263
United Arab Emirates,ARE,1/11/2021,1167251,917251,250000,80683,56825,11.8,9.27,2.53,5745
United Arab Emirates,ARE,1/12/2021,1275652,1025652,250000,108401,64193,12.9,10.37,2.53,6490
United Arab Emirates,ARE,1/13/2021,1394580,1144580,250000,118928,76797,14.1,11.57,2.53,7765
United Arab Emirates,ARE,1/14/2021,1527833,1277833,250000,133253,91448,15.45,12.92,2.53,9246
United Arab Emirates,ARE,1/15/2021,1665987,1415987,250000,138154,103490,16.84,14.32,2.53,10464
United Arab Emirates,ARE,1/16/2021,1797926,1547926,250000,131939,111082,18.18,15.65,2.53,11231
United Arab Emirates,ARE,1/17/2021,1882778,1632778,250000,84852,113744,19.04,16.51,2.53,11500
United Arab Emirates,ARE,1/18/2021,1971521,1721521,250000,88743,114896,19.93,17.41,2.53,11617
United Arab Emirates,ARE,1/19/2021,2065367,1815367,250000,93846,112816,20.88,18.35,2.53,11407
United Arab Emirates,ARE,1/20/2021,2161150,1911150,250000,95783,109510,21.85,19.32,2.53,11072
United Arab Emirates,ARE,1/21/2021,2246069,1996069,250000,84919,102605,22.71,20.18,2.53,10374
United Arab Emirates,ARE,1/22/2021,2339078,2089078,250000,93009,96156,23.65,21.12,2.53,9722
United Arab Emirates,ARE,1/23/2021,2426798,2176798,250000,87720,89839,24.54,22.01,2.53,9083
United Arab Emirates,ARE,1/24/2021,2487789,2237789,250000,60991,86430,25.15,22.63,2.53,8739
United Arab Emirates,ARE,1/25/2021,2571091,2321091,250000,83302,85653,26,23.47,2.53,8660
United Arab Emirates,ARE,1/26/2021,2677680,2427680,250000,106589,87473,27.07,24.55,2.53,8844
United Kingdom,GBR,12/20/2020,667287,667287,,,,0.98,0.98,,
United Kingdom,GBR,12/21/2020,,,,,46423,,,,684
United Kingdom,GBR,12/22/2020,,,,,46423,,,,684
United Kingdom,GBR,12/23/2020,,,,,46423,,,,684
United Kingdom,GBR,12/24/2020,,,,,46423,,,,684
United Kingdom,GBR,12/25/2020,,,,,46423,,,,684
United Kingdom,GBR,12/26/2020,,,,,46423,,,,684
United Kingdom,GBR,12/27/2020,992246,992246,,,46423,1.46,1.46,,684
United Kingdom,GBR,12/28/2020,,,,,47738,,,,703
United Kingdom,GBR,12/29/2020,,,,,49053,,,,723
United Kingdom,GBR,12/30/2020,,,,,50369,,,,742
United Kingdom,GBR,12/31/2020,,,,,51684,,,,761
United Kingdom,GBR,1/1/2021,,,,,52999,,,,781
United Kingdom,GBR,1/2/2021,,,,,54315,,,,800
United Kingdom,GBR,1/3/2021,1381656,1360036,21620,,55630,2.04,2,0.03,819
United Kingdom,GBR,1/4/2021,,,,,74138,,,,1092
United Kingdom,GBR,1/5/2021,,,,,92647,,,,1365
United Kingdom,GBR,1/6/2021,,,,,111155,,,,1637
United Kingdom,GBR,1/7/2021,,,,,129663,,,,1910
United Kingdom,GBR,1/8/2021,,,,,148171,,,,2183
United Kingdom,GBR,1/9/2021,,,,,166680,,,,2455
United Kingdom,GBR,1/10/2021,2677971,2286572,391399,,185188,3.94,3.37,0.58,2728
United Kingdom,GBR,1/11/2021,2843815,2431648,412167,165844,182424,4.19,3.58,0.61,2687
United Kingdom,GBR,1/12/2021,3067541,2639309,428232,223726,187930,4.52,3.89,0.63,2768
United Kingdom,GBR,1/13/2021,3356229,2918252,437977,288688,202716,4.94,4.3,0.65,2986
United Kingdom,GBR,1/14/2021,3678180,3234946,443234,321951,222253,5.42,4.77,0.65,3274
United Kingdom,GBR,1/15/2021,4006440,3559179,447261,328260,242692,5.9,5.24,0.66,3575
United Kingdom,GBR,1/16/2021,4286830,3837094,449736,280390,256292,6.31,5.65,0.66,3775
United Kingdom,GBR,1/17/2021,4514802,4062501,452301,227972,262404,6.65,5.98,0.67,3865
United Kingdom,GBR,1/18/2021,4723443,4266577,456866,208641,268518,6.96,6.28,0.67,3955
United Kingdom,GBR,1/19/2021,5070365,4609740,460625,346922,286118,7.47,6.79,0.68,4215
United Kingdom,GBR,1/20/2021,5437284,4973248,464036,366919,297294,8.01,7.33,0.68,4379
United Kingdom,GBR,1/21/2021,5849899,5383103,466796,412615,310246,8.62,7.93,0.69,4570
United Kingdom,GBR,1/22/2021,6329968,5861351,468617,480069,331933,9.32,8.63,0.69,4890
United Kingdom,GBR,1/23/2021,6822981,6353321,469660,493013,362307,10.05,9.36,0.69,5337
United Kingdom,GBR,1/24/2021,7044048,6573570,470478,221067,361321,10.38,9.68,0.69,5322
United Kingdom,GBR,1/25/2021,7325773,6853327,472446,281725,371761,10.79,10.1,0.7,5476
United States,USA,12/20/2020,556208,556208,,,,0.17,0.17,,
United States,USA,12/21/2020,614117,614117,,57909,57909,0.19,0.19,,175
United States,USA,12/22/2020,,,,,127432,,,,385
United States,USA,12/23/2020,1008025,1008025,,,150606,0.3,0.3,,455
United States,USA,12/24/2020,,,,,191001,,,,577
United States,USA,12/25/2020,,,,,215238,,,,650
United States,USA,12/26/2020,1944585,1944585,,,231396,0.59,0.59,,699
United States,USA,12/27/2020,,,,,211379,,,,639
United States,USA,12/28/2020,2127143,2127143,,,216147,0.64,0.64,,653
United States,USA,12/29/2020,,,,,235685,,,,712
United States,USA,12/30/2020,2794588,2794588,,,255223,0.84,0.84,,771
United States,USA,12/31/2020,,,,,278776,,,,842
United States,USA,1/1/2021,,,,,302329,,,,913
United States,USA,1/2/2021,4225756,4225756,,,325882,1.28,1.28,,985
United States,USA,1/3/2021,,,,,336949,,,,1018
United States,USA,1/4/2021,4563260,4563260,,,348017,1.38,1.38,,1051
United States,USA,1/5/2021,4836469,4836469,,273209,339372,1.46,1.46,,1025
United States,USA,1/6/2021,5306797,5306797,,470328,358887,1.6,1.6,,1084
United States,USA,1/7/2021,5919418,5919418,,612621,378253,1.79,1.79,,1143
United States,USA,1/8/2021,6688231,6688231,,768813,419933,2.02,2.02,,1269
United States,USA,1/9/2021,,,,,461263,,,,1394
United States,USA,1/10/2021,,,,,546636,,,,1651
United States,USA,1/11/2021,8987322,8987322,,,632009,2.72,2.72,,1909
United States,USA,1/12/2021,9327138,9327138,,339816,641524,2.82,2.82,,1938
United States,USA,1/13/2021,10278462,,,951324,710238,3.11,,,2146
United States,USA,1/14/2021,11148991,9690757,1342086,870529,747082,3.37,2.93,0.41,2257
United States,USA,1/15/2021,12279180,10595866,1610524,1130189,798707,3.71,3.2,0.49,2413
United States,USA,1/16/2021,,,,,811670,,,,2452
United States,USA,1/17/2021,,,,,824632,,,,2491
United States,USA,1/18/2021,,,,,837595,,,,2530
United States,USA,1/19/2021,15707588,13595803,2023124,,911493,4.75,4.11,0.61,2754
United States,USA,1/20/2021,16525281,14270441,2161419,817693,892403,4.99,4.31,0.65,2696
United States,USA,1/21/2021,17546374,15053257,2394961,1021093,913912,5.3,4.55,0.72,2761
United States,USA,1/22/2021,19107959,16243093,2756953,1561585,975540,5.77,4.91,0.83,2947
United States,USA,1/23/2021,20537990,17390345,3027865,1430031,1057387,6.2,5.25,0.91,3194
United States,USA,1/24/2021,21848655,18502131,3216836,1310665,1122182,6.6,5.59,0.97,3390
United States,USA,1/25/2021,22734243,19252279,3346390,885588,1126251,6.87,5.82,1.01,3403
United States,USA,1/26/2021,23540994,19902237,3481921,806751,1119058,7.11,6.01,1.05,3381
Wales,,12/13/2020,8181,8181,,,,0.26,0.26,,
Wales,,12/14/2020,,,,,2198,,,,697
Wales,,12/15/2020,,,,,2198,,,,697
Wales,,12/16/2020,,,,,2198,,,,697
Wales,,12/17/2020,,,,,2198,,,,697
Wales,,12/18/2020,,,,,2198,,,,697
Wales,,12/19/2020,,,,,2198,,,,697
Wales,,12/20/2020,23567,23567,,,2198,0.75,0.75,,697
Wales,,12/21/2020,,,,,2136,,,,677
Wales,,12/22/2020,,,,,2074,,,,658
Wales,,12/23/2020,,,,,2012,,,,638
Wales,,12/24/2020,,,,,1950,,,,618
Wales,,12/25/2020,,,,,1887,,,,599
Wales,,12/26/2020,,,,,1825,,,,579
Wales,,12/27/2020,35910,35910,,,1763,1.14,1.14,,559
Wales,,12/28/2020,,,,,1796,,,,570
Wales,,12/29/2020,,,,,1830,,,,580
Wales,,12/30/2020,,,,,1863,,,,591
Wales,,12/31/2020,,,,,1896,,,,601
Wales,,1/1/2021,,,,,1929,,,,612
Wales,,1/2/2021,,,,,1962,,,,622
Wales,,1/3/2021,49876,49851,25,,1995,1.58,1.58,0,633
Wales,,1/4/2021,,,,,2450,,,,777
Wales,,1/5/2021,,,,,2904,,,,921
Wales,,1/6/2021,,,,,3359,,,,1065
Wales,,1/7/2021,,,,,3814,,,,1210
Wales,,1/8/2021,,,,,4268,,,,1354
Wales,,1/9/2021,,,,,4723,,,,1498
Wales,,1/10/2021,86118,86039,79,,5177,2.73,2.73,0,1642
Wales,,1/11/2021,91336,91239,97,5218,5183,2.9,2.89,0,1644
Wales,,1/12/2021,101479,101371,108,10143,5893,3.22,3.22,0,1869
Wales,,1/13/2021,113094,112973,121,11615,6812,3.59,3.58,0,2161
Wales,,1/14/2021,126504,126375,129,13410,7988,4.01,4.01,0,2534
Wales,,1/15/2021,,,,,8460,,,,2683
Wales,,1/16/2021,,,,,8931,,,,2833
Wales,,1/17/2021,151938,151737,201,,9403,4.82,4.81,0.01,2982
Wales,,1/18/2021,162197,161932,265,10259,10123,5.14,5.14,0.01,3211
Wales,,1/19/2021,176186,175816,370,13989,10672,5.59,5.58,0.01,3385
Wales,,1/20/2021,190831,190435,396,14645,11105,6.05,6.04,0.01,3522
Wales,,1/21/2021,212732,212317,415,21901,12318,6.75,6.73,0.01,3907
Wales,,1/22/2021,241016,240547,469,28284,15148,7.64,7.63,0.01,4804
Wales,,1/23/2021,265054,264538,516,24038,17371,8.41,8.39,0.02,5510
Wales,,1/24/2021,271376,270833,543,6322,17063,8.61,8.59,0.02,5412
Wales,,1/25/2021,290147,289566,581,18771,18279,9.2,9.18,0.02,5798
World,OWID_WRL,12/14/2020,297,297,,,,0,0,,
World,OWID_WRL,12/15/2020,1529663,1529663,,1529366,1529366,0.02,0.02,,196
World,OWID_WRL,12/16/2020,1532183,1532183,,2520,765943,0.02,0.02,,98
World,OWID_WRL,12/17/2020,1535701,1535701,,3518,511801,0.02,0.02,,66
World,OWID_WRL,12/18/2020,1539115,1539115,,3414,384704,0.02,0.02,,49
World,OWID_WRL,12/19/2020,1540451,1540451,,1336,308031,0.02,0.02,,40
World,OWID_WRL,12/20/2020,2773845,2773845,,1233394,462258,0.04,0.04,,59
World,OWID_WRL,12/21/2020,2862851,2862851,,89006,408936,0.04,0.04,,52
World,OWID_WRL,12/22/2020,2935933,2935933,,73082,200896,0.04,0.04,,26
World,OWID_WRL,12/23/2020,3439120,3439120,,503187,272420,0.04,0.04,,35
World,OWID_WRL,12/24/2020,3535877,3535822,,96757,285739,0.05,0.05,,37
World,OWID_WRL,12/25/2020,3579107,3579052,,43230,291427,0.05,0.05,,37
World,OWID_WRL,12/26/2020,4554814,4554759,,975707,430623,0.06,0.06,,55
World,OWID_WRL,12/27/2020,5037831,5037775,1,483017,323427,0.06,0.06,0,41
World,OWID_WRL,12/28/2020,5407818,5406668,1,369987,363567,0.07,0.07,0,47
World,OWID_WRL,12/29/2020,5667514,5664297,1,259696,390226,0.07,0.07,0,50
World,OWID_WRL,12/30/2020,6645537,6640992,1,978023,458060,0.09,0.09,0,59
World,OWID_WRL,12/31/2020,9944820,9905874,1,3299283,915563,0.13,0.13,0,117
World,OWID_WRL,1/1/2021,10064730,10025784,1,119910,926518,0.13,0.13,0,119
World,OWID_WRL,1/2/2021,12428227,12389281,1,2363497,1124773,0.16,0.16,0,144
World,OWID_WRL,1/3/2021,13090503,13020647,21621,662276,1150382,0.17,0.17,0,148
World,OWID_WRL,1/4/2021,13892064,13809783,21623,801561,1212035,0.18,0.18,0,155
World,OWID_WRL,1/5/2021,15450037,14533614,21623,1557973,1397503,0.2,0.19,0,179
World,OWID_WRL,1/6/2021,16420733,15489909,21623,970696,1396457,0.21,0.2,0,179
World,OWID_WRL,1/7/2021,17695869,16689886,21627,1275136,1107293,0.23,0.21,0,142
World,OWID_WRL,1/8/2021,19126530,17988464,21632,1430661,1294543,0.25,0.23,0,166
World,OWID_WRL,1/9/2021,23988855,22771969,21659,4862325,1651518,0.31,0.29,0,212
World,OWID_WRL,1/10/2021,25665848,24812995,647390,1676993,1796478,0.33,0.32,0.01,230
World,OWID_WRL,1/11/2021,28775465,27872164,687198,3109617,2126200,0.37,0.36,0.01,273
World,OWID_WRL,1/12/2021,30004965,29038739,738352,1229500,2079275,0.38,0.37,0.01,267
World,OWID_WRL,1/13/2021,33439275,31379692,806413,3434310,2431220,0.43,0.4,0.01,312
World,OWID_WRL,1/14/2021,35974170,33312737,2223905,2534895,2611186,0.46,0.43,0.03,335
World,OWID_WRL,1/15/2021,38731136,35755289,2536082,2756966,2800658,0.5,0.46,0.03,359
World,OWID_WRL,1/16/2021,39762010,36750352,2564796,1030874,2253308,0.51,0.47,0.03,289
World,OWID_WRL,1/17/2021,40696559,37573548,2672905,934549,2147244,0.52,0.48,0.03,275
World,OWID_WRL,1/18/2021,42047380,38873235,2835802,1350821,1895988,0.54,0.5,0.04,243
World,OWID_WRL,1/19/2021,47080113,43274305,3450338,5032733,2439307,0.6,0.56,0.04,313
World,OWID_WRL,1/20/2021,54514715,50522006,3827001,7434602,3010777,0.7,0.65,0.05,386
World,OWID_WRL,1/21/2021,57448296,52897182,4360874,2933581,3067732,0.74,0.68,0.06,394
World,OWID_WRL,1/22/2021,61255730,56153916,4888346,3807434,3217799,0.79,0.72,0.06,413
World,OWID_WRL,1/23/2021,64239590,58706844,5307411,2983860,3496797,0.82,0.75,0.07,449
World,OWID_WRL,1/24/2021,66486960,60545098,5706619,2247370,3684343,0.85,0.78,0.07,473
World,OWID_WRL,1/25/2021,69183821,62877454,6170793,2696861,3876634,0.89,0.81,0.08,497
World,OWID_WRL,1/26/2021,71096003,64381545,6557622,1912182,3430841,0.91,0.83,0.08,440
